DROP DATABASE IF EXISTS Instagram;
CREATE  DATABASE Instagram;
USE Instagram;


 /*!40030 SET NAMES UTF8 */;
/*!40101 SET @OLD_CHARACTER_SET_CLIENT=@@CHARACTER_SET_CLIENT */;
/*!40101 SET @OLD_CHARACTER_SET_RESULTS=@@CHARACTER_SET_RESULTS */;
/*!40101 SET @OLD_COLLATION_CONNECTION=@@COLLATION_CONNECTION */;
/*!40103 SET @OLD_TIME_ZONE=@@TIME_ZONE */;
/*!40103 SET TIME_ZONE='+00:00' */;
/*!40014 SET @OLD_UNIQUE_CHECKS=@@UNIQUE_CHECKS, UNIQUE_CHECKS=0 */;
/*!40014 SET @OLD_FOREIGN_KEY_CHECKS=@@FOREIGN_KEY_CHECKS, FOREIGN_KEY_CHECKS=0 */;
/*!40101 SET @OLD_SQL_MODE=@@SQL_MODE, SQL_MODE='NO_AUTO_VALUE_ON_ZERO' */;
/*!40111 SET @OLD_SQL_NOTES=@@SQL_NOTES, SQL_NOTES=0 */;



DROP TABLE IF EXISTS `friend_requests`;
CREATE TABLE `friend_requests` (
  `initiator_user_id` bigint(20) unsigned NOT NULL,
  `target_user_id` bigint(20) unsigned NOT NULL,
  `status` enum('requested','approved','unfriended','declined') COLLATE utf8_unicode_ci DEFAULT NULL,
  `requested_at` datetime DEFAULT current_timestamp(),
  `confirmed_at` datetime DEFAULT NULL ON UPDATE current_timestamp(),
  PRIMARY KEY (`initiator_user_id`,`target_user_id`),
  KEY `target_user_id` (`target_user_id`),
  CONSTRAINT `friend_requests_ibfk_1` FOREIGN KEY (`initiator_user_id`) REFERENCES `users` (`id`),
  CONSTRAINT `friend_requests_ibfk_2` FOREIGN KEY (`target_user_id`) REFERENCES `users` (`id`)
) ENGINE=InnoDB DEFAULT CHARSET=utf8 COLLATE=utf8_unicode_ci;

INSERT INTO `friend_requests` VALUES ('1','1','unfriended','1983-11-06 10:40:40','1975-03-29 04:23:45'),
('2','2','requested','2000-04-26 20:51:49','2017-03-17 08:55:21'),
('3','3','unfriended','1986-12-07 06:17:33','2018-10-20 10:10:09'),
('4','4','unfriended','1983-06-03 01:28:36','1995-09-06 07:18:27'),
('5','5','approved','2019-08-20 00:56:05','2002-09-04 03:09:04'),
('6','6','unfriended','1980-06-09 05:44:41','1987-02-14 05:58:32'),
('7','7','requested','1981-08-16 09:58:49','2002-11-17 08:58:19'),
('8','8','approved','2015-10-22 06:58:08','1982-01-21 08:09:46'),
('9','9','unfriended','2011-10-03 07:34:28','2009-07-31 15:29:56'),
('10','10','unfriended','2004-06-06 06:41:23','1978-06-28 09:59:50'),
('11','11','requested','1971-06-30 19:19:36','2014-06-09 09:04:01'),
('12','12','unfriended','1999-07-27 07:01:58','1993-09-06 21:42:58'),
('13','13','requested','1993-03-27 06:33:32','2019-05-09 12:39:11'),
('14','14','declined','2018-12-14 20:55:54','1975-06-25 10:22:22'),
('15','15','unfriended','1997-02-04 13:49:13','2019-06-04 08:36:59'),
('16','16','approved','2004-10-09 08:15:43','2014-08-18 21:16:07'),
('17','17','declined','1972-04-10 01:31:38','2006-01-13 05:37:04'),
('18','18','unfriended','1984-05-20 05:12:09','1982-08-20 17:25:18'),
('19','19','declined','1976-05-28 12:39:30','1991-12-22 04:40:46'),
('20','20','approved','1984-11-12 02:29:06','1993-04-10 08:23:55'),
('21','21','declined','1997-09-23 11:48:24','2002-06-28 18:29:50'),
('22','22','unfriended','2000-02-13 13:44:30','1977-10-21 06:51:08'),
('23','23','approved','1999-01-19 18:37:54','1997-11-25 05:59:26'),
('24','24','declined','1977-11-26 17:21:19','1994-05-25 22:35:38'),
('25','25','unfriended','1974-05-10 05:55:13','2004-11-24 20:44:34'),
('26','26','unfriended','1972-08-25 00:20:30','1996-11-30 00:29:59'),
('27','27','approved','2019-01-24 13:11:51','2013-06-20 03:08:40'),
('28','28','approved','1984-03-23 11:16:50','1971-05-24 23:12:37'),
('29','29','approved','2000-01-09 14:22:20','2018-09-08 12:27:52'),
('30','30','unfriended','2010-05-30 22:23:45','2009-04-25 05:28:53'),
('31','31','approved','1995-02-20 03:34:49','2001-10-20 11:53:24'),
('32','32','approved','2018-07-15 14:59:25','1982-12-14 00:03:40'),
('33','33','unfriended','1999-03-21 15:07:26','1992-04-17 16:59:42'),
('34','34','requested','2005-02-07 13:40:10','2004-07-04 09:14:52'),
('35','35','unfriended','2012-08-26 05:54:12','1978-02-13 04:13:56'),
('36','36','unfriended','1999-04-03 02:37:17','1999-08-31 00:36:58'),
('37','37','requested','1996-06-07 15:07:11','2017-09-10 21:11:20'),
('38','38','unfriended','1978-09-11 13:49:32','2013-09-12 05:53:41'),
('39','39','requested','1970-03-25 04:09:01','1989-03-19 10:00:25'),
('40','40','declined','1992-04-23 21:37:04','1999-11-07 01:58:23'),
('41','41','requested','1989-12-23 05:11:01','1992-03-17 02:58:44'),
('42','42','approved','1994-05-19 13:50:43','1985-10-13 17:36:01'),
('43','43','declined','1992-02-16 18:19:32','1993-11-24 21:12:49'),
('44','44','unfriended','1996-02-02 18:18:14','1994-05-10 08:48:09'),
('45','45','requested','1991-07-09 12:10:12','1971-04-19 16:35:46'),
('46','46','requested','1999-11-28 01:41:12','2007-05-26 21:49:43'),
('47','47','unfriended','2017-04-13 23:44:31','1980-07-25 20:19:30'),
('48','48','requested','2000-05-12 06:26:06','1989-11-05 20:45:37'),
('49','49','declined','2013-10-08 18:35:35','1976-10-24 04:07:21'),
('50','50','approved','1997-10-02 21:44:25','1970-07-05 20:12:24'),
('51','51','unfriended','1988-05-31 15:38:48','2017-05-29 15:44:49'),
('52','52','unfriended','1974-09-23 14:13:20','2004-09-12 01:16:44'),
('53','53','unfriended','1992-10-17 10:52:45','1995-10-27 10:27:39'),
('54','54','declined','1994-04-24 22:46:23','1979-05-25 22:02:15'),
('55','55','requested','2018-11-11 10:23:22','2019-04-10 11:28:55'),
('56','56','requested','1990-04-09 13:28:32','2010-06-03 18:34:06'),
('57','57','approved','2003-10-23 22:54:29','2017-04-09 20:21:44'),
('58','58','unfriended','2001-03-04 17:24:11','2017-04-18 12:38:45'),
('59','59','unfriended','2007-05-11 00:32:51','1984-02-14 19:46:35'),
('60','60','unfriended','2018-06-27 13:14:06','1992-10-04 20:50:07'),
('61','61','requested','1987-12-02 17:36:06','2002-04-26 07:21:46'),
('62','62','approved','1972-10-11 19:49:54','2009-09-07 06:19:18'),
('63','63','declined','1998-02-01 20:13:17','1983-09-22 11:22:33'),
('64','64','requested','1993-10-15 22:50:44','1988-11-29 12:57:07'),
('65','65','declined','2017-01-13 23:24:00','2012-08-02 03:37:47'),
('66','66','requested','1981-08-03 20:17:48','2008-09-12 22:36:50'),
('67','67','requested','2004-06-13 21:41:42','2001-12-15 18:36:54'),
('68','68','declined','1982-06-16 19:51:34','1970-02-14 21:16:15'),
('69','69','approved','2000-01-23 18:32:23','2002-04-15 20:48:17'),
('70','70','requested','1978-06-11 08:11:13','2006-12-24 18:52:21'),
('71','71','requested','2020-04-17 15:20:42','1998-07-22 13:53:04'),
('72','72','unfriended','1981-10-09 13:25:34','1988-03-16 05:51:03'),
('73','73','requested','1971-03-14 06:32:06','2001-04-01 21:24:45'),
('74','74','unfriended','2017-05-25 10:18:36','2014-02-10 03:36:15'),
('75','75','requested','2007-07-18 20:35:44','1981-05-05 07:27:03'),
('76','76','requested','1975-12-15 06:06:05','1984-10-28 01:38:00'),
('77','77','declined','1970-07-01 15:15:18','2012-09-03 02:58:44'),
('78','78','requested','2012-07-26 11:39:53','1972-05-21 08:08:16'),
('79','79','unfriended','2018-07-18 22:30:28','2015-01-09 16:18:55'),
('80','80','requested','1980-12-01 16:09:31','1978-09-30 01:43:17'),
('81','81','declined','1994-08-06 15:20:15','2007-06-24 17:52:25'),
('82','82','approved','2007-07-16 04:39:47','2014-12-24 07:12:58'),
('83','83','unfriended','1986-04-12 08:41:24','1996-01-08 11:15:32'),
('84','84','requested','1988-05-02 00:49:33','2001-05-17 13:16:46'),
('85','85','declined','1982-05-14 02:54:02','1975-09-27 09:15:28'),
('86','86','declined','2020-04-07 00:37:15','1988-02-08 19:43:28'),
('87','87','unfriended','1973-01-09 00:23:00','2008-12-06 18:27:10'),
('88','88','requested','2001-10-06 10:02:12','1993-06-07 18:54:34'),
('89','89','approved','1976-07-22 06:27:44','2014-08-31 17:36:58'),
('90','90','unfriended','2007-06-01 08:20:25','2017-04-13 08:36:31'),
('91','91','requested','1990-02-11 23:13:35','1972-07-23 15:43:19'),
('92','92','requested','2005-04-24 02:43:58','1993-07-30 12:02:01'),
('93','93','declined','2010-09-08 09:10:19','1980-03-04 11:31:28'),
('94','94','declined','1998-12-19 18:10:50','2003-03-04 02:50:23'),
('95','95','declined','1989-07-02 12:35:25','2014-11-25 02:31:39'),
('96','96','declined','2001-11-03 21:23:27','1972-09-07 06:00:00'),
('97','97','declined','2018-08-30 12:46:09','2001-12-22 10:03:16'),
('98','98','approved','2005-05-27 15:15:36','2008-06-28 19:18:27'),
('99','99','requested','2015-07-01 01:10:51','1984-03-25 05:01:36'),
('100','100','unfriended','2000-10-15 01:22:47','1996-04-08 20:20:50'); 


DROP TABLE IF EXISTS `media`;
CREATE TABLE `media` (
  `id` bigint(20) unsigned NOT NULL AUTO_INCREMENT,
  `media_type_id` bigint(20) unsigned NOT NULL,
  `user_id` bigint(20) unsigned NOT NULL,
  `body` text COLLATE utf8_unicode_ci DEFAULT NULL,
  `filename` varchar(255) COLLATE utf8_unicode_ci DEFAULT NULL,
  `size` int(11) DEFAULT NULL,
  `metadata` longtext CHARACTER SET utf8mb4 COLLATE utf8mb4_bin DEFAULT NULL CHECK (json_valid(`metadata`)),
  `created_at` datetime DEFAULT current_timestamp(),
  `updated_at` datetime DEFAULT NULL ON UPDATE current_timestamp(),
  UNIQUE KEY `id` (`id`),
  KEY `user_id` (`user_id`),
  KEY `media_type_id` (`media_type_id`),
  CONSTRAINT `media_ibfk_1` FOREIGN KEY (`user_id`) REFERENCES `users` (`id`),
  CONSTRAINT `media_ibfk_2` FOREIGN KEY (`media_type_id`) REFERENCES `media_types` (`id`)
) ENGINE=InnoDB AUTO_INCREMENT=5 DEFAULT CHARSET=utf8 COLLATE=utf8_unicode_ci;

INSERT INTO `media` VALUES ('1','1','1','Enim rerum blanditiis nam sequi. Qui et nobis maxime temporibus dolore. Recusandae odit cupiditate nemo corporis.','perspiciatis','78214',NULL,'2003-06-13 16:06:41','1982-07-30 01:05:31'),
('2','2','2','Labore minus perspiciatis in voluptas. Voluptatum ad quae distinctio ipsa. Earum in sit consequatur quam odio.','occaecati','0',NULL,'2010-01-31 06:24:41','2005-10-09 04:00:38'),
('3','3','3','Harum eum ipsa ratione aliquam porro nihil reprehenderit. Et consectetur cupiditate id reprehenderit consequatur ipsam est nam. Eum sit eveniet enim minus.','voluptatem','0',NULL,'1977-08-08 23:20:12','2016-07-09 21:48:11'),
('4','4','4','Sequi quo ut alias aut quidem aut eaque. Harum ut sed nemo voluptatem rem sunt voluptate aut. Ut esse est itaque ipsa rem libero quae. Eos expedita amet reprehenderit nostrum exercitationem impedit voluptatibus.','voluptas','91137',NULL,'1999-08-04 06:09:30','1994-05-18 22:36:07'); 


DROP TABLE IF EXISTS `media_types`;
CREATE TABLE `media_types` (
  `id` bigint(20) unsigned NOT NULL AUTO_INCREMENT,
  `name` varchar(255) COLLATE utf8_unicode_ci DEFAULT NULL,
  `created_at` datetime DEFAULT current_timestamp(),
  `updated_at` datetime DEFAULT NULL ON UPDATE current_timestamp(),
  UNIQUE KEY `id` (`id`)
) ENGINE=InnoDB AUTO_INCREMENT=101 DEFAULT CHARSET=utf8 COLLATE=utf8_unicode_ci;

INSERT INTO `media_types` VALUES ('1','sit','2008-04-30 15:06:39','2002-10-13 11:24:06'),
('2','voluptatem','1987-03-25 02:06:46','1972-01-01 01:55:09'),
('3','molestiae','2009-12-03 14:31:58','1983-03-12 17:40:52'),
('4','magnam','1992-09-06 16:19:45','1988-04-04 01:51:21'),
('5','pariatur','1989-05-22 15:09:22','1995-12-01 16:47:22'),
('6','incidunt','2000-03-25 18:14:20','1996-03-31 13:22:16'),
('7','magnam','1971-05-30 12:51:26','1982-07-27 07:28:40'),
('8','autem','1988-05-20 07:55:02','1993-05-08 05:43:39'),
('9','nobis','1974-08-09 14:26:58','1975-11-01 08:59:06'),
('10','consectetur','1973-08-24 07:11:19','2001-08-27 16:37:51'),
('11','debitis','1978-11-10 07:37:38','1980-08-27 13:18:54'),
('12','omnis','2017-08-11 21:03:47','1981-05-02 00:58:05'),
('13','consequuntur','1985-05-29 14:54:18','2019-01-13 08:18:35'),
('14','repellendus','2017-02-05 23:48:19','1987-04-18 10:25:05'),
('15','eum','2005-09-06 14:07:31','1979-09-04 11:02:46'),
('16','id','1984-07-29 01:59:52','2017-02-04 00:31:15'),
('17','impedit','2014-08-12 20:28:02','2015-04-03 17:21:05'),
('18','officiis','1984-02-29 20:38:03','2012-10-02 16:58:31'),
('19','iusto','1989-09-16 05:41:25','1988-10-04 02:47:03'),
('20','aperiam','2005-12-24 13:59:03','1996-05-07 04:38:24'),
('21','provident','2014-08-10 17:37:00','1977-01-14 01:13:54'),
('22','sit','2003-06-16 17:28:01','1972-01-20 20:25:53'),
('23','ut','1992-05-14 10:20:10','1985-08-15 04:04:13'),
('24','libero','2003-10-14 14:42:14','2012-09-05 01:58:19'),
('25','nulla','1994-07-30 04:33:17','1985-02-24 17:28:52'),
('26','consequatur','2017-04-10 00:27:02','1983-11-20 09:22:45'),
('27','vel','1978-07-30 03:15:43','2018-12-10 21:07:24'),
('28','quo','2004-07-02 12:51:02','1978-12-17 04:10:17'),
('29','quos','2000-06-30 08:16:03','1988-08-08 11:36:49'),
('30','nobis','1976-12-04 12:42:49','1977-08-25 23:32:46'),
('31','consequatur','2010-10-29 04:57:50','1991-07-05 12:30:25'),
('32','nihil','1999-01-04 07:06:27','1999-05-21 01:15:46'),
('33','placeat','1988-12-15 17:49:55','2016-03-10 20:45:43'),
('34','aliquam','2019-02-05 12:11:17','1986-07-02 09:03:02'),
('35','consequuntur','1992-02-01 13:46:53','2008-12-30 12:16:11'),
('36','recusandae','1988-02-28 13:08:33','1979-03-29 20:26:35'),
('37','rem','2004-03-28 11:10:36','1973-11-26 11:10:41'),
('38','autem','1979-02-08 14:58:30','2007-09-23 04:35:11'),
('39','asperiores','2017-08-25 16:44:49','2010-06-27 10:17:15'),
('40','aut','1981-03-20 03:07:58','1973-12-25 04:03:07'),
('41','et','1998-01-03 19:29:06','1976-03-29 13:07:51'),
('42','necessitatibus','1976-03-22 16:11:36','2017-03-02 21:01:13'),
('43','eveniet','1998-05-04 23:42:54','2004-09-07 17:03:40'),
('44','nesciunt','1974-05-16 06:45:49','2014-09-17 05:23:16'),
('45','quia','1975-02-14 23:57:21','1975-04-13 00:25:09'),
('46','corporis','1984-09-03 00:23:20','2004-03-24 10:41:40'),
('47','tempora','1995-03-05 20:32:01','2004-06-28 11:23:31'),
('48','non','1973-12-22 12:19:11','2018-12-11 14:10:03'),
('49','qui','1979-11-01 03:43:46','2003-06-13 02:45:42'),
('50','omnis','2017-05-04 13:43:02','2005-03-24 08:45:22'),
('51','magnam','2007-01-29 03:17:34','2004-09-13 10:28:39'),
('52','molestiae','1988-05-18 13:02:08','1980-12-16 13:41:07'),
('53','ratione','1997-07-04 02:13:39','2014-10-25 11:18:49'),
('54','et','1981-04-27 17:10:40','1999-03-18 19:29:29'),
('55','rerum','2010-09-15 01:33:22','1999-02-28 01:21:58'),
('56','exercitationem','2006-09-23 18:18:07','2006-11-22 06:58:50'),
('57','aut','2002-10-02 21:06:40','2002-05-27 03:25:10'),
('58','corporis','1977-03-26 00:18:19','2006-04-24 07:23:12'),
('59','corporis','2010-02-16 03:08:48','1987-01-19 16:35:42'),
('60','aspernatur','2000-10-23 18:24:48','1992-01-23 02:28:47'),
('61','quisquam','1976-06-20 10:24:29','1998-12-09 20:44:40'),
('62','voluptatum','1981-03-08 09:39:53','1993-09-22 04:37:11'),
('63','qui','1989-07-23 19:14:50','1989-07-06 20:17:57'),
('64','saepe','2007-04-26 02:17:28','2011-08-24 12:41:44'),
('65','ut','1991-09-20 22:34:34','1989-10-11 20:47:46'),
('66','dolor','2004-03-11 17:30:05','1970-08-27 20:48:50'),
('67','nulla','2015-03-17 11:48:59','1992-05-06 04:19:32'),
('68','quia','1985-06-03 11:09:08','1988-08-07 18:16:58'),
('69','est','1977-05-03 06:11:36','1997-03-10 13:29:45'),
('70','quibusdam','1971-12-10 09:59:02','1980-12-12 20:32:04'),
('71','ut','1981-07-25 09:31:06','1993-11-26 02:05:09'),
('72','et','1975-09-02 23:03:03','1992-08-21 17:27:42'),
('73','quo','2020-01-12 18:47:24','1997-01-29 05:47:34'),
('74','et','2004-10-23 04:12:34','2002-01-15 00:02:15'),
('75','ut','1978-08-05 01:16:46','1994-10-25 18:14:24'),
('76','facilis','1996-08-08 13:54:52','2013-02-09 11:58:27'),
('77','officiis','2017-09-08 01:59:29','1988-10-22 04:42:36'),
('78','in','2010-04-11 23:54:27','2011-06-18 01:35:56'),
('79','quibusdam','2000-09-23 11:14:07','2007-11-29 18:37:47'),
('80','quis','2017-02-20 11:35:39','1988-06-18 03:50:11'),
('81','animi','1992-02-12 07:55:09','2003-03-21 23:24:23'),
('82','praesentium','2012-12-12 03:02:45','1984-04-07 03:47:19'),
('83','qui','1992-12-04 04:37:12','2007-04-26 05:17:39'),
('84','quibusdam','1985-11-16 13:40:07','2009-07-01 05:28:58'),
('85','iure','1970-08-05 16:24:48','1991-08-15 09:12:24'),
('86','quia','2002-06-27 21:10:56','2020-05-30 16:43:47'),
('87','ipsa','1992-05-24 16:16:51','1977-06-29 01:42:00'),
('88','illum','2010-05-04 09:53:54','1973-01-28 11:33:44'),
('89','et','1999-12-26 04:10:36','2002-08-10 17:23:08'),
('90','eos','2014-10-02 16:22:17','1998-07-15 18:29:36'),
('91','voluptas','2020-03-24 12:01:47','1975-07-02 04:46:39'),
('92','commodi','1982-11-01 11:54:24','1980-03-15 05:49:44'),
('93','accusantium','2008-11-19 19:14:47','2009-09-20 09:18:30'),
('94','molestias','1990-12-27 11:09:52','2003-03-14 12:39:34'),
('95','sed','1989-08-01 15:54:19','1997-04-17 20:52:06'),
('96','rerum','1997-08-19 15:06:35','1994-09-18 14:51:45'),
('97','sed','1992-04-22 09:20:01','1978-07-04 02:57:39'),
('98','quos','1996-04-06 15:46:54','1979-11-24 09:20:39'),
('99','facilis','1974-07-30 14:23:52','2018-11-24 10:36:36'),
('100','ea','2011-06-27 05:29:22','1997-01-06 08:36:31'); 


DROP TABLE IF EXISTS `messages`;
CREATE TABLE `messages` (
  `id` bigint(20) unsigned NOT NULL AUTO_INCREMENT,
  `from_user_id` bigint(20) unsigned NOT NULL,
  `to_user_id` bigint(20) unsigned NOT NULL,
  `body` text COLLATE utf8_unicode_ci DEFAULT NULL,
  `created_at` datetime DEFAULT current_timestamp(),
  UNIQUE KEY `id` (`id`),
  KEY `from_user_id` (`from_user_id`),
  KEY `to_user_id` (`to_user_id`),
  CONSTRAINT `messages_ibfk_1` FOREIGN KEY (`from_user_id`) REFERENCES `users` (`id`),
  CONSTRAINT `messages_ibfk_2` FOREIGN KEY (`to_user_id`) REFERENCES `users` (`id`)
) ENGINE=InnoDB AUTO_INCREMENT=101 DEFAULT CHARSET=utf8 COLLATE=utf8_unicode_ci;

INSERT INTO `messages` VALUES ('1','1','1','Molestiae et magnam est eum dolor totam aut. Est nisi dolores voluptas cumque ea aut. Cupiditate omnis fugiat perferendis reprehenderit at.','2001-06-24 19:55:50'),
('2','2','2','Nulla tenetur tempora sint veritatis laudantium qui et aut. Doloremque cumque eum culpa numquam id saepe. Doloremque unde sunt nulla officia culpa autem.','1997-12-15 10:38:44'),
('3','3','3','Ut non earum placeat sint voluptate corporis quasi. Quo sit harum error quo quisquam libero. Atque voluptatibus est rerum quo accusamus voluptatum illo. Sit eos veritatis ab numquam.','1994-02-25 22:52:45'),
('4','4','4','Quos culpa a dolore perferendis. Laudantium impedit distinctio quidem saepe qui cupiditate necessitatibus odio. Illum non vitae saepe delectus similique.','1978-07-04 01:19:14'),
('5','5','5','Placeat quidem aperiam placeat cupiditate. Ea nulla sed pariatur ea facere expedita. Qui ad eum voluptatem autem et.','2017-09-25 08:50:38'),
('6','6','6','Non dolor dolor reiciendis accusamus. Voluptates ut et quasi earum ipsum voluptate enim. Quis temporibus quis ut iure. Quisquam similique culpa quia aliquam. Distinctio occaecati et id autem architecto omnis voluptates.','1981-05-08 05:14:38'),
('7','7','7','Doloremque placeat illo sequi iste voluptates perferendis temporibus aut. Quaerat incidunt molestias hic rerum et incidunt. Eveniet sint quod occaecati quia omnis id at. Aliquid quam qui non molestiae cumque.','2001-02-09 05:57:33'),
('8','8','8','Et vero eum fugiat aut sed. Quia atque neque ab enim consequuntur rerum aspernatur. Alias vel ut iusto. Natus praesentium et sapiente voluptatem ducimus velit. Non laborum ducimus officia corporis nihil.','2010-05-08 05:46:00'),
('9','9','9','Rem ducimus sed rem omnis vitae ducimus. Autem labore atque labore nemo quo. Voluptatibus illum eum odit quia voluptatibus ipsam aperiam. Voluptas soluta asperiores eius.','2003-10-18 20:04:42'),
('10','10','10','Deleniti qui cum veniam officiis quo nam modi. Qui fugit dolore sequi. Nostrum aut nobis iste eos. Voluptatum voluptatem quos rerum occaecati sed necessitatibus doloremque.','2002-01-18 10:49:34'),
('11','11','11','Blanditiis id dignissimos voluptatem omnis. In quia at ullam reprehenderit. Eos et dolor eos consequuntur nam. Sed excepturi aut id recusandae illum dolores.','1996-02-25 05:17:14'),
('12','12','12','Minima cumque libero laborum cum voluptate. Ea quasi alias mollitia. Eligendi sed qui sit aliquid nulla et temporibus voluptatem. Cum est consectetur sed amet maiores atque ea.','1978-01-08 15:23:44'),
('13','13','13','Quasi non cum illum nemo aspernatur et. Sint beatae officiis nihil totam culpa explicabo neque. Itaque at et necessitatibus quam praesentium eos quia.','1974-08-09 22:06:32'),
('14','14','14','Quia voluptatem asperiores aliquam quam quia officiis rerum. Quidem ad et sunt non nulla vel assumenda. Ipsam dolorum quaerat odio quas et autem dolores.','2009-12-08 14:04:08'),
('15','15','15','Sunt rerum quisquam est. Voluptatum sapiente sint eveniet corrupti architecto autem illum. Pariatur non tenetur voluptatem deserunt ut eius dolore dolorem. Expedita nobis est dolor molestiae eligendi.','2016-04-30 08:04:42'),
('16','16','16','Praesentium quis quas ut aut veritatis quisquam at. Sed qui perferendis sit ratione qui excepturi et. Hic rerum dolor aut et veritatis aut explicabo.','1981-05-24 18:00:09'),
('17','17','17','Et ipsum autem et ad amet. Rerum delectus omnis eum adipisci reprehenderit molestiae. Iure est impedit voluptatibus cumque ipsam.','1973-08-16 15:22:02'),
('18','18','18','Perspiciatis labore facilis quis sunt voluptas inventore quo. Consequatur qui reiciendis nemo omnis. Voluptas et quia eveniet autem illo reprehenderit. Incidunt repellendus qui voluptatum dignissimos dolore.','1983-02-10 19:03:17'),
('19','19','19','Ut eum laboriosam eos a. Velit perferendis distinctio fuga non repellat. Rem in similique quibusdam natus recusandae aut cupiditate quo. Deserunt dolore temporibus sed et possimus.','2003-07-07 19:50:33'),
('20','20','20','Mollitia aut quis quia praesentium non aliquam accusamus. Amet ratione veniam repellat et. Aut ut illum et quae porro quia. In voluptas ad et laborum molestias soluta.','2020-04-24 12:33:56'),
('21','21','21','Consectetur et laborum natus adipisci. Ea quam quos alias fuga quis ipsam consequatur. Molestiae illo ut minus ut perferendis necessitatibus voluptatum voluptatem. Deleniti quia dolorem quae tempore dolorum veniam at. Beatae rerum doloribus velit error placeat.','1981-07-02 13:00:26'),
('22','22','22','Sequi quibusdam enim nemo ut ullam ut id quidem. Provident voluptas quidem dolores excepturi ut suscipit nostrum. Est illum aut sed facilis quaerat vel necessitatibus sit.','1987-04-02 00:13:18'),
('23','23','23','Ut et esse ullam excepturi nesciunt excepturi. Non minus excepturi nam beatae facere.','2003-04-28 02:53:37'),
('24','24','24','Laboriosam quia maxime ea rerum. Hic suscipit excepturi nihil. Facere officia officia commodi voluptas minima reiciendis. Officia amet nihil saepe.','2019-04-06 02:56:36'),
('25','25','25','Eos ipsam ut hic et temporibus sit sit voluptatem. Molestiae illum sequi velit dolorem omnis possimus enim laborum. In id eum quas cumque enim rerum.','2016-01-07 15:37:14'),
('26','26','26','Optio dolor illo pariatur cum explicabo ut reiciendis. Eveniet in quam quae soluta dicta reiciendis dolores. Autem autem ex repudiandae blanditiis ut aut omnis. Enim veritatis id aliquam quibusdam hic. Fuga cumque et quas voluptatum cumque animi.','2012-01-08 02:18:34'),
('27','27','27','Veniam fuga qui est esse officiis est. Consectetur ea eveniet voluptatem consequatur nostrum quod enim minus. Eveniet expedita earum quidem repellendus suscipit.','2016-01-04 12:40:35'),
('28','28','28','Consequatur odit tempore reprehenderit exercitationem quis eaque sed. Voluptatum aliquid eaque nostrum eaque quia. Possimus sapiente dolores consectetur. Consequatur facere aliquam voluptatem illum nostrum quaerat laborum minus.','1986-06-12 08:11:24'),
('29','29','29','Est dolorem nihil ut fugit et sit ratione. Autem sed qui quia et est sed deserunt. Facere odit nostrum ducimus ipsam facilis nisi. Libero ea vel exercitationem optio rerum vero beatae.','2014-02-17 23:55:58'),
('30','30','30','Quia incidunt dolore excepturi officiis minima. Aut dolores soluta ut cumque qui voluptatibus enim dolore. Soluta consequatur voluptatem amet.','1997-11-22 15:30:52'),
('31','31','31','Sed eum qui unde sit. Quasi suscipit magni provident quo architecto in aliquam facilis. Nihil est odio eum dolorem atque beatae. Alias dolorum cum voluptatum unde cupiditate.','1979-10-08 17:02:46'),
('32','32','32','Est doloribus numquam qui aliquam adipisci magnam. Tempore voluptas alias voluptates. Reprehenderit sequi debitis non quia dolorem culpa. Cum quibusdam dolor architecto fugiat qui dolor. Ea occaecati similique dolore dignissimos et.','1986-10-19 08:42:08'),
('33','33','33','Unde asperiores accusamus quo dolores. Eius eos nisi doloribus ea. Dolorem non et ut dolor esse cupiditate quisquam.','2007-07-30 11:59:45'),
('34','34','34','Ut quis in aperiam ipsum quisquam adipisci eius. Eius et doloribus sit repudiandae sequi error. Voluptatum minima est aliquam libero aut nulla.','1973-01-29 03:57:07'),
('35','35','35','Aspernatur porro repellendus labore modi et. Eveniet facere adipisci et quasi. Vel pariatur ea et qui et ipsam id. Quos nesciunt qui natus tempore quisquam aut.','2013-05-03 20:44:51'),
('36','36','36','Repellat vel molestias libero maiores. Quibusdam eligendi distinctio id est est eius. Culpa eos delectus perferendis fugiat. Vel at et quaerat blanditiis sint impedit saepe.','2008-05-15 09:56:03'),
('37','37','37','Aspernatur perferendis qui tempore consequatur. Voluptas assumenda eveniet excepturi velit fugit. Quis qui illo velit doloremque assumenda saepe est. Animi labore eum facere ut eaque.','2015-06-10 17:58:29'),
('38','38','38','Aut ut aut fugit ratione. Fugit a in quis.','1988-04-10 01:30:58'),
('39','39','39','Tempora vitae voluptas maiores cupiditate rerum vel. Modi ad qui sed aut. Ab provident aspernatur ipsa. Sit omnis assumenda exercitationem quis eos. Neque qui nemo tenetur ratione.','2002-07-01 16:11:28'),
('40','40','40','Aut molestias optio vitae consequuntur. Culpa quis officia reiciendis fuga provident. In iste autem ex maxime. Quo sed delectus quam quasi.','2013-05-22 06:27:59'),
('41','41','41','Consectetur non expedita animi. Et nesciunt perferendis libero eveniet. Sequi quo incidunt id consequatur voluptatum. Reprehenderit voluptatum voluptate voluptas sed.','1985-06-27 01:17:25'),
('42','42','42','Saepe laborum sed exercitationem tenetur labore ut. Distinctio maxime autem nulla quis sed qui. Vel enim ab iste quo ut inventore ab consequatur.','1977-07-08 22:53:09'),
('43','43','43','Sit rerum eum cum assumenda aut harum quis. Deserunt tempora id molestiae vel eaque. Quibusdam labore consequatur in tenetur. Praesentium rerum assumenda qui illo.','1991-04-06 22:36:58'),
('44','44','44','Eum voluptas architecto beatae omnis. Quibusdam et tempore eos iure enim inventore deserunt impedit. Tenetur optio doloremque fugit est quasi esse.','1984-02-03 07:46:23'),
('45','45','45','Ad molestiae corporis possimus explicabo nobis voluptatum et. Consectetur ipsum aut veniam. Odit nesciunt numquam neque est ex non. Rerum velit enim velit aut. Placeat sit at sit error voluptas eligendi.','1981-07-25 05:04:37'),
('46','46','46','Praesentium qui quasi voluptas laboriosam. Dolor omnis suscipit deleniti suscipit sapiente ut. Ut officiis est quia deserunt exercitationem. Sit culpa dolorem eos temporibus et at. Sapiente ullam officia adipisci illum consectetur aut molestiae.','2012-12-21 10:25:41'),
('47','47','47','Ut esse iusto quia quis sed eaque. Maxime earum et est ut tempore.','1992-03-11 22:24:00'),
('48','48','48','Illo voluptates corporis quas magni quo. Sed et reiciendis soluta voluptatem ut maxime. Velit occaecati et eos aut.','2016-04-10 01:58:33'),
('49','49','49','Deserunt velit ut qui sit. Nam impedit est sit et et. Maxime nisi qui eos autem. Sint est et dignissimos aut est amet fuga ipsam.','2017-05-27 13:01:32'),
('50','50','50','Optio beatae accusantium ea enim accusantium. Aliquid distinctio qui voluptate quo consequatur totam eos. Asperiores vero eum fugit non illum asperiores voluptatum.','2007-10-29 11:13:51'),
('51','51','51','Provident earum consequuntur neque hic voluptatibus dolor. Eaque ea quas nihil et. Modi mollitia dignissimos magnam dolor dolorem.','2002-10-22 19:12:52'),
('52','52','52','Architecto ex iste vel autem iure est magnam. Est in sapiente placeat. Et provident ut occaecati voluptates. Pariatur vel sed fugiat quo molestiae voluptas.','2007-11-16 07:28:54'),
('53','53','53','Sit perspiciatis sequi voluptatem praesentium eaque dolores. Quasi ad nobis voluptatem quo quis inventore. Reiciendis quibusdam a eveniet dignissimos illum quo sunt aspernatur. Necessitatibus non et consequatur magni fugiat.','1981-03-10 03:07:44'),
('54','54','54','Tempora sunt quibusdam id modi minus. Ut reprehenderit repudiandae vero quam dolore. Consequatur aspernatur aliquam delectus. Provident quia consequuntur quod et ex. Iusto itaque non nemo libero assumenda culpa quibusdam.','2019-11-01 01:34:34'),
('55','55','55','Nesciunt earum beatae error voluptatibus temporibus. Ut ut provident laudantium dolor totam voluptates. Cumque pariatur aut hic.','1987-05-04 22:47:21'),
('56','56','56','Architecto consequatur velit cum cumque ut nisi. Ea odit placeat aut porro nemo beatae voluptas. Aperiam id excepturi ducimus dicta et et. Sequi dolores itaque molestias omnis.','2014-07-09 16:41:14'),
('57','57','57','Qui assumenda velit aspernatur sint fugiat. Veritatis eum quo soluta quibusdam est. Laboriosam nobis repellendus voluptatem minus molestiae voluptates.','1975-03-07 13:23:45'),
('58','58','58','Molestiae officiis voluptas explicabo iure dignissimos. Et totam quasi hic. Et perferendis laborum doloribus impedit explicabo voluptatum inventore consectetur. Autem voluptatem expedita nisi.','2004-01-17 20:29:36'),
('59','59','59','Et accusantium assumenda minima est harum. Id hic et aliquid distinctio libero.','1976-06-11 17:54:18'),
('60','60','60','Ut nihil illum aut reprehenderit id. Asperiores eos voluptatem maxime cum eaque. Deserunt consectetur minima optio aut deserunt reiciendis.','1984-11-16 21:21:30'),
('61','61','61','Quibusdam consequatur quibusdam dolor quia qui sit ullam. Eum a eveniet qui illo est mollitia quo. Magnam distinctio et ducimus distinctio. Quisquam quaerat recusandae aut blanditiis in aperiam dolores.','1980-07-13 03:13:36'),
('62','62','62','Rerum magnam voluptatem maiores exercitationem totam qui. Architecto voluptatum saepe corrupti enim. Ut quisquam cupiditate in.','1973-01-16 14:19:18'),
('63','63','63','Nihil quis corporis rerum qui doloremque sint ut. Qui sint debitis totam voluptatem iure reiciendis. Inventore dicta quam aut possimus possimus. Est amet et voluptatum autem. Ratione a enim quia voluptatem.','2013-11-10 01:18:43'),
('64','64','64','Corporis amet et officia dolorem amet consectetur porro. Illo alias sit blanditiis accusantium aut et. Est nostrum officiis provident animi dolorem eveniet. Velit blanditiis eius architecto nihil quaerat aliquid ut.','2008-07-25 16:33:44'),
('65','65','65','Nesciunt magni quasi quidem. Et et officia tempora non. Consequatur magnam animi in sit id dolore.','1975-11-07 09:14:23'),
('66','66','66','Eius quas perferendis et illo eos porro necessitatibus. Unde fugit veniam voluptas deleniti sed. Voluptatum nulla rerum voluptatibus dolorum id. Facilis quod ipsam ut nihil ut cum praesentium.','1980-08-17 12:59:40'),
('67','67','67','Ratione ducimus commodi aut. Voluptas iste magni aliquam eum. Enim rerum commodi quis.','2006-07-26 12:45:51'),
('68','68','68','Molestias magni eum ullam consequatur. Et ipsam ea eos maiores quidem. Eum quasi et quo dolorum ut explicabo. Error fugiat laboriosam occaecati ut enim mollitia. Possimus soluta harum consectetur dolorem eveniet maxime.','1971-07-16 14:52:58'),
('69','69','69','Veniam velit rerum iste animi dolor. Et sed qui est aut consequatur.','2013-09-15 11:25:15'),
('70','70','70','Est culpa quis sunt repellendus nisi officiis. Commodi blanditiis exercitationem ad nihil consectetur. Rerum unde blanditiis laboriosam harum provident dolore.','1986-06-30 02:42:58'),
('71','71','71','Tenetur assumenda voluptatum perspiciatis delectus est. Et eligendi est mollitia aut veniam minima. Cum ut eius nobis voluptatem est sint tenetur omnis. Quia quia quia iste neque eveniet illo.','2017-01-15 12:50:16'),
('72','72','72','Repudiandae quidem incidunt non veniam. Aut iusto sapiente facere quia odit ab hic. Et reiciendis similique dolorem. Cupiditate dolor autem rerum rerum. Minus veniam id delectus quod.','1980-10-11 09:03:26'),
('73','73','73','Eaque velit dolores cupiditate. Eaque aut occaecati officia consequatur ut est accusamus. Accusamus in ducimus sed totam.','1996-05-27 17:23:03'),
('74','74','74','Nam at iste neque eveniet odit. Incidunt aperiam ea voluptates temporibus beatae dignissimos.','1997-01-25 21:25:38'),
('75','75','75','Ut ipsum facilis consectetur. Ex dolore sint et quia maxime. Dolores dolorem nihil est sequi totam quidem facere.','1980-05-10 15:30:43'),
('76','76','76','Ad tempora labore voluptas laborum officia occaecati et. Officiis pariatur et aut velit et. Sed et odio est. Quasi eaque qui a.','2017-11-17 03:23:03'),
('77','77','77','Rerum quibusdam aut soluta. Cumque sint necessitatibus earum modi illum ratione praesentium. Sed qui id nihil dicta ab amet. Saepe ad exercitationem porro in sapiente et.','1973-11-05 20:47:17'),
('78','78','78','Amet et voluptatem consequatur hic. Voluptatum et sapiente nam error ex laudantium. Illo quod et amet quia consequuntur est qui unde.','1976-09-04 11:02:00'),
('79','79','79','Ea in consequuntur et nihil. Ut velit amet aperiam. Temporibus natus impedit iusto voluptatem voluptates harum.','1972-08-03 14:57:51'),
('80','80','80','Doloribus quisquam delectus qui sed harum et. Velit inventore omnis autem vero ut esse at.','2020-07-13 09:36:14'),
('81','81','81','Eligendi quia est harum voluptatum reprehenderit et. Aliquid et quisquam eum aspernatur dolor modi delectus. Adipisci in aliquam et ex eius perspiciatis tempore iusto. Temporibus autem excepturi saepe in architecto rem.','2013-12-10 04:59:54'),
('82','82','82','Numquam sunt reprehenderit sunt adipisci eaque. Perferendis tenetur at optio quos voluptate voluptates qui. Consequatur ipsa id provident autem est architecto. Aut voluptas vel ut maiores et itaque.','1974-09-27 13:15:54'),
('83','83','83','Amet sit architecto consequuntur iusto. Officiis voluptatem sequi ipsum. Consequatur sequi hic eius porro quis natus dolor. Quibusdam doloremque sit saepe quia aut dolorem quisquam.','2017-08-31 22:16:31'),
('84','84','84','Beatae nihil et et assumenda placeat velit. Pariatur qui consequatur at rerum et expedita. Consequatur dolor modi minus. Mollitia dolores cum exercitationem natus ut sunt reiciendis.','1986-02-12 21:43:10'),
('85','85','85','Officiis quo eaque praesentium sed impedit. Rerum fugit accusantium et iure. Maxime ea illum totam eius aut possimus. Fugit sed similique incidunt incidunt et harum in.','2015-11-10 18:49:28'),
('86','86','86','Et praesentium sed sed vero numquam debitis rem. Tempore maiores repudiandae et hic quia delectus. Sit adipisci voluptatibus quidem quia. Eos sint saepe consectetur ut aut.','2006-01-13 02:13:48'),
('87','87','87','Culpa autem vero id minus qui. Ut maiores asperiores voluptate aperiam. Provident cum alias ducimus quos sit doloribus tempore doloremque. Nihil voluptatem placeat ut et.','2010-04-06 18:23:43'),
('88','88','88','Aut quis et iure praesentium rerum est voluptas. Repellendus molestiae laudantium dignissimos inventore a et. Molestias consequatur ut sed magnam. Temporibus debitis dolorem error voluptatem. Expedita dolor et eligendi eligendi illo facilis qui.','1999-11-15 00:39:01'),
('89','89','89','Odit ex dolor ab culpa voluptas iure atque. Modi qui aspernatur inventore tempore voluptatem dolorem minima. Rerum vitae dolorum non quia nulla qui veniam. Debitis maiores ea recusandae earum sed sunt.','1980-01-05 16:45:46'),
('90','90','90','Quo eius similique aut voluptas. Et neque consequatur repellat. Deleniti rerum esse quam rerum nihil accusantium et.','1998-12-12 08:44:11'),
('91','91','91','Velit ut assumenda atque dolore nemo repellat. Excepturi autem error esse enim aut.','1992-05-19 22:20:18'),
('92','92','92','Provident illum sed expedita sunt aut ut commodi. Ut tempore quo omnis tempore. Voluptates nesciunt et consequatur. Dolores velit veritatis beatae rem fugit magnam possimus quae.','2003-08-02 11:10:10'),
('93','93','93','Sequi praesentium aliquam consequatur commodi. Est et voluptatem sequi quae. Similique id quibusdam aut iusto. Ut numquam eveniet nesciunt.','2005-10-15 10:47:05'),
('94','94','94','Rerum omnis voluptatem est enim omnis ducimus. Rem consectetur delectus similique ipsum provident molestiae quisquam. Ut vel sit aliquam ut sint. Dignissimos et qui at hic dolores ad quidem.','1982-10-31 03:10:31'),
('95','95','95','Ea hic aut incidunt fuga. Delectus suscipit ullam culpa aperiam vel sed dolorem. Sed neque est excepturi aut. Eius exercitationem autem veritatis beatae ut alias explicabo. Odio ea libero iusto id.','1980-12-27 14:56:31'),
('96','96','96','Eaque veritatis voluptas inventore exercitationem ut consequatur corrupti. Distinctio modi sequi cum et id molestias consectetur nam. Esse porro sit perferendis voluptate. Sunt reiciendis facilis dolore praesentium omnis aut doloribus dignissimos.','1992-02-13 12:50:51'),
('97','97','97','Nostrum magni ratione atque ut libero nisi repudiandae. Esse aut cupiditate numquam neque. Et nobis vero officia rem quis.','2013-09-20 08:51:41'),
('98','98','98','Dolore nisi quia harum sed. Officia reprehenderit autem sunt dicta. Laborum sint eveniet adipisci rem laborum.','2007-06-20 00:45:08'),
('99','99','99','Quia ipsa autem dolores voluptatibus impedit. Ut dolores minus quo aut dolor quae. Vitae sint suscipit ea earum quo magni.','1982-06-28 15:07:55'),
('100','100','100','Qui excepturi assumenda et deserunt consectetur ipsum dolores. Eveniet maiores et autem aperiam. Eos qui exercitationem et dolores necessitatibus itaque sit dolor. Vel nisi veritatis deserunt magni.','1989-02-16 01:01:29'); 


DROP TABLE IF EXISTS `profiles`;
CREATE TABLE `profiles` (
  `user_id` bigint(20) unsigned NOT NULL,
  `gender` char(1) COLLATE utf8_unicode_ci DEFAULT NULL,
  `birthday` date DEFAULT NULL,
  `photo_id` bigint(20) unsigned DEFAULT NULL,
  `created_at` datetime DEFAULT current_timestamp(),
  `hometown` varchar(100) COLLATE utf8_unicode_ci DEFAULT NULL,
  UNIQUE KEY `user_id` (`user_id`),
  CONSTRAINT `fk_user_id` FOREIGN KEY (`user_id`) REFERENCES `users` (`id`) ON DELETE NO ACTION ON UPDATE CASCADE
) ENGINE=InnoDB DEFAULT CHARSET=utf8 COLLATE=utf8_unicode_ci;

INSERT INTO `profiles` VALUES ('1','f','2020-04-25','1','2007-07-12 22:16:30',ÃŒ— ¬¿),
('2','m','1974-04-26','2','1984-11-11 23:16:07',ÃŒ— ¬¿),
('3','f','2017-09-25','3','1995-01-17 00:49:56',ÃŒ— ¬¿),
('4','m','2004-02-07','4','2002-06-10 18:21:35',ÃŒ— ¬¿),
('5','m','2005-12-08','5','1995-02-17 01:37:30',ÃŒ— ¬¿),
('6','m','1997-12-06','6','2007-06-09 00:29:49',ÃŒ— ¬¿),
('7','f','1983-09-11','7','1983-04-10 03:00:38',—¿Õ “-œ≈“≈–¡”–√),
('8','m','1997-07-05','8','1997-09-22 10:02:16',—¿Õ “-œ≈“≈–¡”–√),
('9','m','1990-09-19','9','1976-12-21 15:13:45',—¿Õ “-œ≈“≈–¡”–√),
('10','m','2010-06-23','10','1995-05-10 01:32:49',—¿Õ “-œ≈“≈–¡”–√),
('11','m','1974-06-03','11','1974-03-06 02:41:38',—¿Õ “-œ≈“≈–¡”–√),
('12','f','1988-08-25','12','1990-02-20 23:03:33',—¿Õ “-œ≈“≈–¡”–√),
('13','f','1995-04-26','13','2020-03-31 09:30:46',—¿Õ “-œ≈“≈–¡”–√),
('14','f','1983-07-20','14','1990-10-06 07:29:38',—¿Õ “-œ≈“≈–¡”–√),
('15','f','1990-10-17','15','2008-01-19 17:05:18',ÃŒ— ¬¿),
('16','f','1985-12-21','16','2020-03-13 12:32:51',ÃŒ— ¬¿),
('17','m','1971-05-16','17','2015-05-05 12:15:29',ÃŒ— ¬¿),
('18','m','1991-01-16','18','1978-04-29 05:51:40',ÃŒ— ¬¿),
('19','m','1986-11-24','19','1983-09-07 08:43:34',ÃŒ— ¬¿),
('20','f','2019-01-03','20','2006-10-31 04:08:54',ÃŒ— ¬¿),
('21','m','2016-05-19','21','1999-06-27 20:18:04',ÃŒ— ¬¿),
('22','f','2009-03-10','22','1985-01-22 13:20:57', ¿«¿Õ‹),
('23','f','2011-05-31','23','1993-02-24 02:27:55', ¿«¿Õ‹),
('24','m','1972-01-30','24','1995-05-01 21:09:32', ¿«¿Õ‹),
('25','f','2015-02-25','25','1999-04-07 01:50:30', ¿«¿Õ‹),
('26','m','2008-01-17','26','1986-05-14 07:03:53', ¿«¿Õ‹),
('27','m','1992-02-13','27','1971-03-16 10:02:24', ¿«¿Õ‹),
('28','f','1977-09-09','28','1990-01-07 15:40:40', ¿«¿Õ‹),
('29','f','1971-01-01','29','2003-10-02 23:03:44', ¿«¿Õ‹),
('30','m','1997-12-02','30','1980-11-08 03:56:47', ¿«¿Õ‹),
('31','m','2012-09-26','31','2006-08-06 10:24:53', ¿«¿Õ‹),
('32','m','2009-02-12','32','2016-07-21 01:44:22', ¿«¿Õ‹),
('33','f','2010-05-12','33','1977-07-26 19:42:26', ¿«¿Õ‹),
('34','f','1973-06-01','34','1994-07-09 15:39:39', ¿«¿Õ‹),
('35','f','2007-12-10','35','1974-11-27 20:37:09', ¿«¿Õ‹),
('36','f','2000-04-25','36','2018-06-15 01:29:24', ¿«¿Õ‹),
('37','m','2005-01-16','37','2019-04-19 20:11:10', ¿«¿Õ‹),
('38','f','2005-03-30','38','1976-08-28 17:44:54', ¿«¿Õ‹),
('39','m','1979-08-28','39','1985-07-26 09:03:15', ¿«¿Õ‹),
('40','f','1986-09-26','40','1983-04-14 21:53:25',ÃŒ— ¬¿),
('41','f','2015-10-17','41','1997-03-07 21:22:02',ÃŒ— ¬¿),
('42','f','2011-05-10','42','1995-03-24 11:41:23',ÃŒ— ¬¿),
('43','m','1984-10-12','43','2005-02-21 17:07:25',ÃŒ— ¬¿),
('44','f','1971-04-14','44','1977-03-05 14:46:40',ÃŒ— ¬¿),
('45','m','2003-06-24','45','2011-09-30 00:49:32',ÃŒ— ¬¿),
('46','m','1973-06-12','46','2007-04-08 21:59:01',ÃŒ— ¬¿),
('47','m','1971-05-30','47','2004-04-03 00:50:30',ÃŒ— ¬¿),
('48','f','1981-09-04','48','1973-02-12 16:02:05',ÃŒ— ¬¿),
('49','f','2006-03-09','49','2002-02-05 06:19:03',ÃŒ— ¬¿),
('50','f','1985-05-17','50','1999-01-30 18:51:42',ÃŒ— ¬¿),
('51','f','2017-08-06','51','1986-12-27 04:32:19',ÃŒ— ¬¿),
('52','m','2015-11-21','52','1979-01-07 13:14:56',ÃŒ— ¬¿),
('53','f','1987-09-16','53','1994-11-09 14:54:51',ÃŒ— ¬¿),
('54','f','1997-03-20','54','1982-11-28 19:23:25',ÃŒ— ¬¿),
('55','m','2012-12-29','55','1970-02-07 20:41:05',ÃŒ— ¬¿),
('56','f','2013-08-18','56','1988-05-29 17:20:44',ÃŒ— ¬¿),
('57','m','1985-08-09','57','2001-11-17 08:51:18',ÃŒ— ¬¿),
('58','m','2000-08-30','58','1999-12-12 08:08:49',ÃŒ— ¬¿),
('59','m','1990-05-09','59','2017-11-18 11:59:13',ÃŒ— ¬¿),
('60','f','1970-10-11','60','1984-09-23 02:31:46',ÃŒ— ¬¿),
('61','f','1995-04-04','61','2010-01-25 10:34:04',ÃŒ— ¬¿),
('62','m','2018-09-02','62','1983-06-30 19:36:40',ÃŒ— ¬¿),
('63','m','2006-09-24','63','2015-01-12 10:58:43',ÃŒ— ¬¿),
('64','f','1992-05-21','64','2005-03-22 00:50:00',ÃŒ— ¬¿),
('65','m','2009-02-07','65','1983-12-23 19:17:15',ÃŒ— ¬¿),
('66','f','1970-09-03','66','1988-08-26 06:17:42',ÃŒ— ¬¿),
('67','m','1971-01-25','67','2001-07-09 05:21:00',ÃŒ— ¬¿),
('68','f','1973-10-28','68','1984-12-31 19:31:19',ÃŒ— ¬¿),
('69','m','1997-12-02','69','2012-04-22 01:34:45',ÃŒ— ¬¿),
('70','m','1989-09-27','70','1998-12-31 01:49:06',ÃŒ— ¬¿),
('71','m','1998-09-18','71','2010-08-13 06:05:25',ÃŒ— ¬¿),
('72','f','2004-01-26','72','2002-07-22 23:43:28',ÃŒ— ¬¿),
('73','m','1989-12-22','73','2019-11-19 00:01:50',ÃŒ— ¬¿),
('74','f','1982-12-28','74','1980-04-25 13:22:58',ÃŒ— ¬¿),
('75','m','2003-09-16','75','2016-12-04 06:13:14',ÃŒ— ¬¿),
('76','m','1989-08-13','76','1977-08-20 12:03:35',ÃŒ— ¬¿),
('77','m','2000-09-06','77','2009-04-17 09:03:22',ÃŒ— ¬¿),
('78','f','2005-07-03','78','2014-11-07 06:20:22',—¿–¿“Œ¬),
('79','m','1998-11-12','79','1970-06-25 13:38:22',—¿–¿“Œ¬),
('80','f','1990-01-16','80','2017-10-26 16:15:56',—¿–¿“Œ¬),
('81','f','1991-04-02','81','1986-07-31 11:22:01',—¿–¿“Œ¬),
('82','f','1973-06-25','82','1970-08-15 11:22:14',—¿–¿“Œ¬),
('83','m','1995-03-02','83','2015-05-27 23:38:02',—¿–¿“Œ¬),
('84','m','1998-10-01','84','1973-04-18 04:52:34',—¿–¿“Œ¬),
('85','m','2017-10-11','85','1986-10-17 06:20:11',—¿–¿“Œ¬),
('86','m','1980-06-08','86','1987-05-04 21:46:37',—¿–¿“Œ¬),
('87','f','2009-06-15','87','1992-01-08 13:27:29',—¿–¿“Œ¬),
('88','f','1988-03-14','88','2003-12-17 19:56:54',—¿–¿“Œ¬),
('89','m','1990-05-02','89','1976-10-13 11:09:42',—¿–¿“Œ¬),
('90','f','1998-05-20','90','1993-08-31 11:06:56',—¿–¿“Œ¬),
('91','m','2020-04-04','91','2005-05-16 21:54:20',—¿–¿“Œ¬),
('92','f','2002-09-20','92','2013-09-10 17:56:57',—¿–¿“Œ¬),
('93','m','1987-01-28','93','2015-12-28 05:23:04',—¿–¿“Œ¬),
('94','f','1979-10-12','94','1970-10-15 21:06:47',ÃŒ— ¬¿),
('95','m','2010-06-07','95','1990-05-27 23:18:21',ÃŒ— ¬¿),
('96','m','2007-10-18','96','2016-01-11 05:22:00',ÃŒ— ¬¿),
('97','f','1986-07-21','97','2020-06-11 20:43:46',ÃŒ— ¬¿),
('98','f','2009-04-06','98','2019-08-16 10:53:09',ÃŒ— ¬¿),
('99','m','1987-02-14','99','2002-12-09 16:30:06',ÃŒ— ¬¿),
('100','f','1979-07-18','100','2012-04-16 13:45:26',ÃŒ— ¬¿);



DROP TABLE IF EXISTS `users`;
CREATE TABLE `users` (
  `id` bigint(20) unsigned NOT NULL AUTO_INCREMENT,
  `firstname` varchar(50) COLLATE utf8_unicode_ci DEFAULT NULL,
  `lastname` varchar(50) COLLATE utf8_unicode_ci DEFAULT NULL,
  `email` varchar(120) COLLATE utf8_unicode_ci DEFAULT NULL,
  `password_hash` varchar(100) COLLATE utf8_unicode_ci DEFAULT NULL,
  `phone` bigint(20) unsigned DEFAULT NULL,
  PRIMARY KEY (`id`),
  UNIQUE KEY `email` (`email`),
  UNIQUE KEY `phone` (`phone`),
  KEY `users_firstname_lastname_idx` (`firstname`,`lastname`)
) ENGINE=InnoDB AUTO_INCREMENT=101 DEFAULT CHARSET=utf8 COLLATE=utf8_unicode_ci;

INSERT INTO `users` VALUES ('1','Palma','Mertz','king.liza@example.net','2e14d8a93ff4d1e3d8e9cf02b1659ffee7d62a25','89827233513'),
('2','Gennaro','DuBuque','ozella80@example.net','5601ed80e7d23609449f299d2e7af833fc9f06ab','89440949135'),
('3','Estella','Bartell','onie45@example.net','a9a4a5e4adcaf83a9be78a8ba9c1763cd370596f','89974761115'),
('4','Alysson','Stamm','elwyn78@example.net','3b30b5aa2108a74de5fa96752bfcc76f068561d4','89618437223'),
('5','Noe','Bins','lelia42@example.net','27249e38f582f72590fd73d790470cfff22edb2b','89230477454'),
('6','Brenden','Jenkins','porter.funk@example.org','7f1d8b813a986e610813dd3a6135094eec41a7c9','89387889752'),
('7','Nicklaus','Smitham','kovacek.selina@example.net','b557c083ff3cb9f37d01c42c081ea5f85f89533f','89839685833'),
('8','Garnet','Stiedemann','ratke.delta@example.com','7ec7bb2c0e983fd115bf100a2e71a4e96af8ffc5','89631038341'),
('9','Elaina','Hamill','nkuvalis@example.com','c401435c840bc29c3715b7502d1daa22a90e2b3a','89896314399'),
('10','Annabell','Crooks','ykohler@example.org','5718c4b1001496d792fd648164257ed458a7019d','89486344886'),
('11','Waylon','Christiansen','nschamberger@example.org','0c237ff2d244cc568605efcd9e6083da27ed4b06','89502399389'),
('12','Jimmie','Jast','o\'kon.elvera@example.org','0dfafc3d1520d7d871686e990efdd20d30811118','89855146657'),
('13','Rosendo','Hodkiewicz','beaulah.schoen@example.com','20ec92234bdbd62d5e9ba7b2c43b239523ce455e','89106783848'),
('14','Jermain','Zboncak','marisol.robel@example.com','f89e679a92ad6828b046137250850d313e7145c7','89429687043'),
('15','Herminia','Stiedemann','ikoelpin@example.net','e28e3f47954f134c6bc6372a4c1e02b4628813d7','89726770450'),
('16','Queen','Feil','dorian56@example.org','3e155c58eb3788a527e4448aa6e52e0397255327','89390138671'),
('17','Jadon','Mosciski','howell.baumbach@example.com','bf93644fdf31437f37acc467d2c8d7515f019efe','89926053772'),
('18','Luella','Leffler','lesch.jaylen@example.com','405c8c96dcc64346b6352bab71cb4e7f3dbc4552','89031844752'),
('19','Estella','Reinger','timothy.hirthe@example.org','9c419ad4f98c7b58d6e22dd23c9b5eefc05bafb5','89645473675'),
('20','Pat','O\'Conner','emery86@example.com','872424521c8fe80092a9c48ff71114bc27ce29a1','89514354944'),
('21','Otis','Ziemann','tpacocha@example.net','04207af7c6cba49ea2337374e849a2739a2dc62d','89383772117'),
('22','Anjali','Koss','price.hattie@example.org','91fc94c06a36aae0c0ac30baa0e9efca704f326d','89913015212'),
('23','Sedrick','Volkman','considine.isaias@example.net','c6d2b42215391f0aae0909f1ec9c067f99b368c8','89941217035'),
('24','Joannie','Lockman','nrosenbaum@example.org','cbda24e6b46ff6d5e589ce2450d296d24b84b839','89221344497'),
('25','Shaun','Hane','prohaska.jevon@example.org','8424879d0cf7739be7fc83ceec9eaeca57970ac2','89929189545'),
('26','Delilah','King','legros.kasey@example.net','c6d68d0dd1ec74740b9b9ea1c18b19bd7a0ac08f','89606198078'),
('27','Gracie','Schuster','abshire.moshe@example.org','8dfbddf39f6ae310518c231c1547ffab5aa15347','89059663025'),
('28','Elvis','Koch','tia.hoppe@example.com','92932642046f445d2aeb48cd208373c2c6be6434','89154345381'),
('29','Vince','Ernser','ddietrich@example.org','8ae1e16ff9255bd53f91e91165f65191fd59ea1b','89684462801'),
('30','Birdie','Hane','alexandrine.cassin@example.net','4f739fa315bb33565fee54fc1e1c61b74b3e8017','89643928157'),
('31','Anna','Gulgowski','bergnaum.katharina@example.com','97b5e2773d664d9afcf045d04b21a131486b776e','89982234740'),
('32','Rylee','Walker','bridgette31@example.org','772c69e71496f0ceaf42c1552f7be6b09dac5438','89946304497'),
('33','Camilla','Ryan','ramona.herzog@example.org','436778a92adf95e81c927eadd908912aa4b1db50','89585774745'),
('34','Avery','Mosciski','gloria32@example.com','bf952544e96056d278b373aa365948ba96a4f666','89579794623'),
('35','Marshall','Turner','daryl.borer@example.com','25404dc90f49a32b64e260166730bd58a6a2f7c6','89712511916'),
('36','Adolphus','Heaney','windler.arielle@example.net','484968382cfcf82464398bc2209b854ebc1315be','89245987017'),
('37','Jordan','Sauer','cyril83@example.com','f8b5f07bc62d68eb04fe49cb2c2d53aead370373','89047714629'),
('38','Nia','Conroy','harold51@example.net','4bccae23fb19c06f5792c8bca17845b5e02d7f21','89992783613'),
('39','Verda','Stiedemann','laila84@example.org','197f36046f15b820cf7a3b6f710dea5ae3a8cf8f','89018675458'),
('40','Trevion','Dietrich','dhilll@example.net','dfa2cda72093860e7bb69e07fd19e4e84f44940e','89334057149'),
('41','Candida','Pfannerstill','danial85@example.net','64b48a2e388d064fff449c20344f4b1bfbf808c1','89577687170'),
('42','Kaya','Dickens','mccullough.carley@example.org','c9866e7c1e5849fcdb8911f5bac250d97c441c8e','89666866173'),
('43','Jazmyn','McDermott','romaguera.nellie@example.com','639cb457148e29b6f1263a10ab40373102b36fe6','89955938170'),
('44','Maxime','Jacobson','cora.dooley@example.org','61ad6a4809de9b554f935e4cc8bd560c725d2407','89350128418'),
('45','Raina','Hartmann','zokuneva@example.com','e7d3c6863cf48c6f802a13e66058869bd01691a0','89075855205'),
('46','Darrel','Brakus','rickey.marvin@example.org','35668ddea07010bc87dc5f2bd83d8cc62a80d03a','89951784823'),
('47','Lance','Parker','eugene63@example.net','e744433e4bfa76faf2389102f9364d2708dfa0bd','89721261189'),
('48','Dean','Carter','cboyle@example.net','7a07a0b06999d9b8298270011aeafd9626f3ecd2','89942736163'),
('49','Sonya','Volkman','nfay@example.org','33e84b1743de38bc1b2a0c49ea94c71fd7c288f9','89340753721'),
('50','Giuseppe','Stroman','vboehm@example.com','c76a9412a782b0b43eb2ffb33d20567fe466b159','89649104547'),
('51','Lacy','Fritsch','qbartell@example.com','aa635122b0e5c7c5e64927671b314892e0b8c97b','89590800508'),
('52','Rosamond','Harris','genesis.keeling@example.net','eaf3df4591d1283650470cf93d1f38343dc7b436','89719450597'),
('53','Phyllis','Parisian','alyce.o\'keefe@example.net','9cd85a54c06734d007e298b289f861471f7be0e8','89819940144'),
('54','Rosina','Schoen','pamela48@example.org','98accac7d793a6b7061af4a6dd13de113e26bd5c','89596539513'),
('55','Deshawn','O\'Kon','frami.alivia@example.net','2f5c79096fc1153622d694334b62f3b5d18391ef','89444046940'),
('56','Samara','Gleichner','hagenes.holly@example.net','701da44eb9a470431ddec154b136431162894b47','89694942696'),
('57','Omari','Shanahan','xdibbert@example.net','5d016eba6b60a6f0306c62d95e123f7846567461','89960531054'),
('58','Freddy','Mertz','josefina93@example.com','8a86006a1ae1e27284dce66bc5896a19ed7f8823','89110984351'),
('59','Sincere','Kunde','tweimann@example.org','656bd1b05712b66ad8417cd6db9d957168f865b7','89085370746'),
('60','Mitchell','Nicolas','zieme.garth@example.org','b930ace05bfda562f9e99cd6b7c7cd32dd5e10eb','89531589038'),
('61','Caterina','Hoeger','ward.bahringer@example.org','36883dc6b44582c31e7c868d571aa3e29025d2d3','89805864133'),
('62','Kiley','Herzog','glen74@example.net','9f659c9e315ffd4ca58ae7658d93a7fcdf3e0605','89727990578'),
('63','Patrick','Swift','diego.abshire@example.net','272eedc4c4690149f99236c2e95a8f3a5c2b23c1','89646376624'),
('64','Susan','Friesen','felipe.bode@example.net','f058d8e31b05f369e0323da6b7ecd553ffe317d1','89165683702'),
('65','Karli','Roob','deckow.coby@example.com','2d6d3d47dfa6885a8ad63c592030b08d87bea086','89311152618'),
('66','Darrell','Monahan','hborer@example.net','8a0ff3f26abe04d750ab4a0d4ed4b09d7573dece','89673885750'),
('67','Kristopher','Moore','cleora45@example.org','c7518534bca5d9cf45e8a5b3aa8815de8fcf4dd7','89123884998'),
('68','Lavinia','Welch','gpouros@example.org','2e0a86fb4528ba212ddb26cffc113620974d69ac','89377048527'),
('69','Judd','Upton','orion.hermiston@example.org','16dbf8643021244eba4710b8d6c0ea4aed878d3f','89504351265'),
('70','Wendell','DuBuque','hlubowitz@example.com','1900c13c6b3847e1834d8989c0db4e5fbc37b684','89780076508'),
('71','Rebeka','Ruecker','effie19@example.com','66422f8ba74ff317d9e4e3a8f3ce8a9f319e8f1b','89558352618'),
('72','Madison','Mills','collier.brenda@example.org','cb02f8d1d10f2661b0ffb1364c97b2c22ab93587','89769615103'),
('73','Makenna','Cummerata','hahn.nelson@example.net','fc5a92613bfdb595c5cb77f01a1c5b34bd5b532a','89786081479'),
('74','Gertrude','Russel','awisozk@example.com','1066bcb0b21816f088a3f9ca0256942fda2cf25a','89908316178'),
('75','Lamont','O\'Hara','johnston.rita@example.net','fe55d62163396fc720dd83b8c5872cc0077b8c51','89148971103'),
('76','Caterina','Schmitt','mtromp@example.net','6abb6105d3b7537f65c0db60af262fd0f05ed004','89204555054'),
('77','Devante','Kulas','ullrich.rex@example.com','c5799f620bfbf7c5302ec4423ff62cd31be1b1d0','89973987082'),
('78','Glennie','Dietrich','mertie53@example.com','768b94f9f3945ca590780bd3066fe59eb38cfb06','89455637926'),
('79','Isaias','Lind','rosalind.heaney@example.net','887738b9d6ac403ae0c5c1592165e0137c76f812','89737079926'),
('80','Ansel','Raynor','bsteuber@example.org','2dc65b5fafdce2436c7e93a2162e28c9c387e8fa','89775887935'),
('81','Arlene','Stanton','mason.padberg@example.net','2439181d7a1ef9e7932396ddf7eb1694b4ca60e6','89986457413'),
('82','Laura','Gerlach','ojaskolski@example.com','2e663b7ef825e3e7230d8ebcb247feba572fce36','89257412616'),
('83','Woodrow','Quigley','ublanda@example.com','f3647aa8b7f4b04b4be24f279a68685afd951e27','89352123595'),
('84','Irma','Lowe','morar.karianne@example.net','1d247c87e67f72fbe816fa4b9daf23fcaca76a92','89340092854'),
('85','Conrad','Lemke','donnelly.ray@example.net','0c43b3d2870b45fff25b6f3004757ee8b2eb6569','89637346152'),
('86','Zelda','Crona','hcruickshank@example.net','376a6120038a8cd714a3bbc0e1ff0f281698bb76','89084906205'),
('87','Dedric','Davis','moen.cassandra@example.org','fd21ef4209d178591ab228184dbd7429b64e2c02','89123146885'),
('88','Mathew','Macejkovic','bmorar@example.com','cfc8c6799551cd7418d82c1e857d6ae6a19f26c4','89934548700'),
('89','Colten','Baumbach','rosalyn25@example.org','04f770a04c039068691a18bc458d7f58564fede0','89237939613'),
('90','Kenna','Ledner','truecker@example.com','1173bedd9340b65aec8ecca3ca2dacd6272df3d0','89815167103'),
('91','Vivien','Pagac','tsenger@example.net','756bc9343a718bc51a01828feaa84164ecc687c3','89927008453'),
('92','Erna','Schumm','chanelle.mayer@example.net','4defe3d0bfd0e52e237fdcc9a20f0ae3111ff580','89587426258'),
('93','Eden','Quitzon','leann88@example.com','d03e741719dfd233ec48383c49021dbfa52ae1db','89130162415'),
('94','Addie','Mante','wroob@example.net','1f61a40c3ac7ad7ab0b1c3d1ed9ebdd7857a0b02','89611037757'),
('95','Nash','Bailey','krista92@example.com','454babe0a21d74ac062b91ba228932b92962b271','89054563253'),
('96','Allie','Mraz','constance03@example.com','9e811bede6f46f32b7b78c78616689ceea41f518','89313661433'),
('97','Marlee','Friesen','pcassin@example.net','7997cc6e92f78e296f17c8a295dc8dfa4a84d1e6','89599023552'),
('98','Gerald','Lynch','bradtke.hermina@example.com','93746a41b549ec051792a5d10193e9a231f84961','89180424793'),
('99','Gladys','Braun','greg24@example.com','5500902a1fcb625553015cb81f4abf26f457b545','89160404532'),
('100','Shanel','Jones','suzanne.waters@example.com','91dd5742d12a13ebf2230cc13a48e164babda986','89466721295'); 

DROP TABLE IF EXISTS likes;
CREATE TABLE likes(
  id SERIAL,
  user_id BIGINT UNSIGNED NOT NULL,
  media_id BIGINT UNSIGNED NOT NULL,
  created_at DATETIME DEFAULT NOW(),
  FOREIGN KEY (user_id) REFERENCES users(id)
);

INSERT INTO `likes` VALUES ('1','1','1','2007-05-19 16:14:44'),
('2','2','2','1994-01-31 11:56:59'),
('3','3','3','2007-06-06 15:52:18'),
('4','4','4','1992-06-13 14:20:15'),
('5','5','1','1998-06-04 22:06:58'),
('6','6','2','2000-02-24 22:35:04'),
('7','7','3','2003-08-20 20:52:31'),
('8','8','4','2004-08-22 19:38:03'),
('9','9','1','1989-12-25 04:01:39'),
('10','10','2','2002-05-06 23:46:11'),
('11','11','3','1985-04-29 10:29:31'),
('12','12','4','1986-06-14 13:55:50'),
('13','13','1','2013-12-05 23:48:50'),
('14','14','2','2012-10-11 15:58:38'),
('15','15','3','1992-12-28 09:31:07'),
('16','16','4','1990-09-05 20:22:16'),
('17','17','1','1973-11-11 14:23:44'),
('18','18','2','1970-02-19 13:32:57'),
('19','19','3','1974-12-14 03:00:01'),
('20','20','4','1973-10-07 06:19:54'),
('21','21','1','2018-03-05 19:58:13'),
('22','22','2','2018-03-31 09:45:14'),
('23','23','3','1974-10-22 17:10:56'),
('24','24','4','1998-04-30 13:08:13'),
('25','25','1','2020-02-12 11:27:11'),
('26','26','2','1994-03-27 23:37:52'),
('27','27','3','1995-03-01 08:53:38'),
('28','28','4','1982-08-01 14:25:16'),
('29','29','1','1993-05-08 15:50:00'),
('30','30','2','1977-03-22 00:42:39'),
('31','31','3','1974-05-25 11:15:54'),
('32','32','4','2007-12-17 16:38:20'),
('33','33','1','2010-11-27 05:43:03'),
('34','34','2','1990-12-16 07:18:33'),
('35','35','3','1971-10-18 23:43:51'),
('36','36','4','2014-05-10 08:29:33'),
('37','37','1','1997-08-29 05:22:11'),
('38','38','2','1974-07-06 08:52:04'),
('39','39','3','1991-12-04 13:29:38'),
('40','40','4','1986-09-05 14:23:23'),
('41','41','1','1997-07-17 11:53:48'),
('42','42','2','2017-01-30 10:17:33'),
('43','43','3','1991-10-09 03:55:55'),
('44','44','4','1990-01-07 06:26:20'),
('45','45','1','1988-11-11 16:25:11'),
('46','46','2','1997-03-23 23:41:59'),
('47','47','3','2009-04-08 22:20:25'),
('48','48','4','1990-05-12 19:07:54'),
('49','49','1','1972-09-09 12:36:18'),
('50','50','2','2009-08-21 22:24:47'),
('51','51','3','1979-11-15 16:33:40'),
('52','52','4','2004-05-04 06:55:33'),
('53','53','1','1980-04-23 12:15:26'),
('54','54','2','1996-12-06 02:04:38'),
('55','55','3','2000-11-09 06:39:10'),
('56','56','4','1970-03-06 08:26:03'),
('57','57','1','1975-02-08 22:53:31'),
('58','58','2','1992-05-20 19:38:17'),
('59','59','3','1992-03-27 10:20:35'),
('60','60','4','2001-04-03 17:48:00'),
('61','61','1','2017-11-04 04:33:11'),
('62','62','2','1994-05-08 16:47:53'),
('63','63','3','1977-01-03 14:33:22'),
('64','64','4','1981-04-17 18:24:11'),
('65','65','1','1981-02-14 19:23:37'),
('66','66','2','2008-08-14 17:46:21'),
('67','67','3','1981-03-30 03:21:47'),
('68','68','4','1973-03-11 20:10:41'),
('69','69','1','1995-10-25 17:03:28'),
('70','70','2','1981-04-12 22:46:10'),
('71','71','3','1978-07-30 10:23:32'),
('72','72','4','1990-02-25 09:10:14'),
('73','73','1','1978-11-21 19:02:05'),
('74','74','2','1980-05-12 17:36:37'),
('75','75','3','1973-12-15 20:34:16'),
('76','76','4','1982-02-15 22:21:32'),
('77','77','1','1975-02-06 16:31:12'),
('78','78','2','2012-11-23 13:29:08'),
('79','79','3','1983-05-15 10:59:35'),
('80','80','4','2013-10-10 01:33:20'),
('81','81','1','1990-08-19 16:01:54'),
('82','82','2','2003-08-20 17:15:49'),
('83','83','3','2005-08-17 10:42:00'),
('84','84','4','1982-08-21 15:27:35'),
('85','85','1','2008-04-10 14:14:10'),
('86','86','2','1973-08-03 21:15:46'),
('87','87','3','1973-12-10 15:26:27'),
('88','88','4','2010-12-25 06:43:00'),
('89','89','1','1992-08-20 16:32:41'),
('90','90','2','2005-08-29 04:51:42'),
('91','91','3','1993-02-15 09:09:49'),
('92','92','4','1981-09-11 16:57:56'),
('93','93','1','1979-07-20 12:02:19'),
('94','94','2','1988-06-04 04:55:39'),
('95','95','3','1987-08-09 14:34:48'),
('96','96','4','2015-08-26 16:59:16'),
('97','97','1','1999-06-17 06:35:18'),
('98','98','2','1980-04-25 10:18:18'),
('99','99','3','1976-11-15 01:03:34'),
('100','100','4','2004-05-14 13:10:02'); 

DROP TABLE IF EXISTS followings;
CREATE TABLE followings(
  user_id BIGINT UNSIGNED NOT NULL, 
  following_id BIGINT UNSIGNED NOT NULL, 
  created_at DATETIME DEFAULT NOW(),  
PRIMARY KEY (user_id, following_id),
UNIQUE INDEX (following_id, user_id),
FOREIGN KEY (user_id) REFERENCES users(id),
FOREIGN KEY (following_id) REFERENCES users(id)
);
INSERT INTO `followings` VALUES ('1','1','2007-05-19 16:14:44'),
('2','2','1994-01-31 11:56:59'),
('3','3','2007-06-06 15:52:18'),
('4','4','1992-06-13 14:20:15'),
('5','5','1998-06-04 22:06:58'),
('6','6','2000-02-24 22:35:04'),
('7','7','2003-08-20 20:52:31'),
('8','8','2004-08-22 19:38:03'),
('9','9','1989-12-25 04:01:39'),
('10','10','2002-05-06 23:46:11'),
('11','11','1985-04-29 10:29:31'),
('12','12','1986-06-14 13:55:50'),
('13','13','2013-12-05 23:48:50'),
('14','14','2012-10-11 15:58:38'),
('15','15','1992-12-28 09:31:07'),
('16','16','1990-09-05 20:22:16'),
('17','17','1973-11-11 14:23:44'),
('18','18','1970-02-19 13:32:57'),
('19','19','1974-12-14 03:00:01'),
('20','20','1973-10-07 06:19:54'),
('21','21','2018-03-05 19:58:13'),
('22','22','2018-03-31 09:45:14'),
('23','23','1974-10-22 17:10:56'),
('24','24','1998-04-30 13:08:13'),
('25','25','2020-02-12 11:27:11'),
('26','26','1994-03-27 23:37:52'),
('27','27','1995-03-01 08:53:38'),
('28','28','1982-08-01 14:25:16'),
('29','29','1993-05-08 15:50:00'),
('30','30','1977-03-22 00:42:39'),
('31','31','1974-05-25 11:15:54'),
('32','32','2007-12-17 16:38:20'),
('33','33','2010-11-27 05:43:03'),
('34','34','1990-12-16 07:18:33'),
('35','35','1971-10-18 23:43:51'),
('36','36','2014-05-10 08:29:33'),
('37','37','1997-08-29 05:22:11'),
('38','38','1974-07-06 08:52:04'),
('39','39','1991-12-04 13:29:38'),
('40','40','1986-09-05 14:23:23'),
('41','41','1997-07-17 11:53:48'),
('42','42','2017-01-30 10:17:33'),
('43','43','1991-10-09 03:55:55'),
('44','44','1990-01-07 06:26:20'),
('45','45','1988-11-11 16:25:11'),
('46','46','1997-03-23 23:41:59'),
('47','47','2009-04-08 22:20:25'),
('48','48','1990-05-12 19:07:54'),
('49','49','1972-09-09 12:36:18'),
('50','50','2009-08-21 22:24:47'),
('51','51','1979-11-15 16:33:40'),
('52','52','2004-05-04 06:55:33'),
('53','53','1980-04-23 12:15:26'),
('54','54','1996-12-06 02:04:38'),
('55','55','2000-11-09 06:39:10'),
('56','56','1970-03-06 08:26:03'),
('57','57','1975-02-08 22:53:31'),
('58','58','1992-05-20 19:38:17'),
('59','59','1992-03-27 10:20:35'),
('60','60','2001-04-03 17:48:00'),
('61','61','2017-11-04 04:33:11'),
('62','62','1994-05-08 16:47:53'),
('63','63','1977-01-03 14:33:22'),
('64','64','1981-04-17 18:24:11'),
('65','65','1981-02-14 19:23:37'),
('66','66','2008-08-14 17:46:21'),
('67','67','1981-03-30 03:21:47'),
('68','68','1973-03-11 20:10:41'),
('69','69','1995-10-25 17:03:28'),
('70','70','1981-04-12 22:46:10'),
('71','71','1978-07-30 10:23:32'),
('72','72','1990-02-25 09:10:14'),
('73','73','1978-11-21 19:02:05'),
('74','74','1980-05-12 17:36:37'),
('75','75','1973-12-15 20:34:16'),
('76','76','1982-02-15 22:21:32'),
('77','77','1975-02-06 16:31:12'),
('78','78','2012-11-23 13:29:08'),
('79','79','1983-05-15 10:59:35'),
('80','80','2013-10-10 01:33:20'),
('81','81','1990-08-19 16:01:54'),
('82','82','2003-08-20 17:15:49'),
('83','83','2005-08-17 10:42:00'),
('84','84','1982-08-21 15:27:35'),
('85','85','2008-04-10 14:14:10'),
('86','86','1973-08-03 21:15:46'),
('87','87','1973-12-10 15:26:27'),
('88','88','2010-12-25 06:43:00'),
('89','89','1992-08-20 16:32:41'),
('90','90','2005-08-29 04:51:42'),
('91','91','1993-02-15 09:09:49'),
('92','92','1981-09-11 16:57:56'),
('93','93','1979-07-20 12:02:19'),
('94','94','1988-06-04 04:55:39'),
('95','95','1987-08-09 14:34:48'),
('96','96','2015-08-26 16:59:16'),
('97','97','1999-06-17 06:35:18'),
('98','98','1980-04-25 10:18:18'),
('99','99','1976-11-15 01:03:34'),
('100','100','2004-05-14 13:10:02'); 

DROP TABLE IF EXISTS posts;
CREATE TABLE posts(
  post_id BIGINT UNSIGNED NOT NULL,
  user_id BIGINT UNSIGNED NOT NULL,
  caption VARCHAR (255),
  type ENUM ('video','photo'),
  created_at DATETIME DEFAULT NOW(),
  updated_at DATETIME ON UPDATE NOW(),
  PRIMARY KEY (post_id),
  FOREIGN KEY (user_id) REFERENCES Users(id)
);
INSERT INTO posts VALUES ('1','1','sit','photo','2008-04-30 15:06:39','2002-10-13 11:24:06'),
('2','2','voluptatem','photo','1987-03-25 02:06:46','1972-01-01 01:55:09'),
('3','3','molestiae','photo','2009-12-03 14:31:58','1983-03-12 17:40:52'),
('4','4','magnam','photo','1992-09-06 16:19:45','1988-04-04 01:51:21'),
('5','5','pariatur','photo','1989-05-22 15:09:22','1995-12-01 16:47:22'),
('6','6','incidunt','photo','2000-03-25 18:14:20','1996-03-31 13:22:16'),
('7','7','magnam','photo','1971-05-30 12:51:26','1982-07-27 07:28:40'),
('8','8','autem','photo','1988-05-20 07:55:02','1993-05-08 05:43:39'),
('9','9','nobis','photo','1974-08-09 14:26:58','1975-11-01 08:59:06'),
('10','10','consectetur','photo','1973-08-24 07:11:19','2001-08-27 16:37:51'),
('11','11','debitis','photo','1978-11-10 07:37:38','1980-08-27 13:18:54'),
('12','12','omnis','photo','2017-08-11 21:03:47','1981-05-02 00:58:05'),
('13','13','consequuntur','photo','1985-05-29 14:54:18','2019-01-13 08:18:35'),
('14','14','repellendus','photo','2017-02-05 23:48:19','1987-04-18 10:25:05'),
('15','15','eum','photo','2005-09-06 14:07:31','1979-09-04 11:02:46'),
('16','16','id','photo','1984-07-29 01:59:52','2017-02-04 00:31:15'),
('17','17','impedit','photo','2014-08-12 20:28:02','2015-04-03 17:21:05'),
('18','18','officiis','photo','1984-02-29 20:38:03','2012-10-02 16:58:31'),
('19','19','iusto','photo','1989-09-16 05:41:25','1988-10-04 02:47:03'),
('20','20','aperiam','photo','2005-12-24 13:59:03','1996-05-07 04:38:24'),
('21','21','provident','photo','2014-08-10 17:37:00','1977-01-14 01:13:54'),
('22','22','sit','photo','2003-06-16 17:28:01','1972-01-20 20:25:53'),
('23','23','ut','photo','1992-05-14 10:20:10','1985-08-15 04:04:13'),
('24','24','libero','photo','2003-10-14 14:42:14','2012-09-05 01:58:19'),
('25','25','nulla','photo','1994-07-30 04:33:17','1985-02-24 17:28:52'),
('26','26','consequatur','photo','2017-04-10 00:27:02','1983-11-20 09:22:45'),
('27','27','vel','photo','1978-07-30 03:15:43','2018-12-10 21:07:24'),
('28','28','quo','photo','2004-07-02 12:51:02','1978-12-17 04:10:17'),
('29','29','quos','photo','2000-06-30 08:16:03','1988-08-08 11:36:49'),
('30','30','nobis','photo','1976-12-04 12:42:49','1977-08-25 23:32:46'),
('31','31','consequatur','photo','2010-10-29 04:57:50','1991-07-05 12:30:25'),
('32','32','nihil','photo','1999-01-04 07:06:27','1999-05-21 01:15:46'),
('33','33','placeat','photo','1988-12-15 17:49:55','2016-03-10 20:45:43'),
('34','34','aliquam','photo','2019-02-05 12:11:17','1986-07-02 09:03:02'),
('35','35','consequuntur','photo','1992-02-01 13:46:53','2008-12-30 12:16:11'),
('36','36','recusandae','photo','1988-02-28 13:08:33','1979-03-29 20:26:35'),
('37','37','rem','photo','2004-03-28 11:10:36','1973-11-26 11:10:41'),
('38','38','autem','photo','1979-02-08 14:58:30','2007-09-23 04:35:11'),
('39','39','asperiores','photo','2017-08-25 16:44:49','2010-06-27 10:17:15'),
('40','40','aut','photo','1981-03-20 03:07:58','1973-12-25 04:03:07'),
('41','41','et','photo','1998-01-03 19:29:06','1976-03-29 13:07:51'),
('42','42','necessitatibus','photo','1976-03-22 16:11:36','2017-03-02 21:01:13'),
('43','43','eveniet','photo','1998-05-04 23:42:54','2004-09-07 17:03:40'),
('44','44','nesciunt','photo','1974-05-16 06:45:49','2014-09-17 05:23:16'),
('45','45','quia','photo','1975-02-14 23:57:21','1975-04-13 00:25:09'),
('46','46','corporis','photo','1984-09-03 00:23:20','2004-03-24 10:41:40'),
('47','47','tempora','photo','1995-03-05 20:32:01','2004-06-28 11:23:31'),
('48','48','non','photo','1973-12-22 12:19:11','2018-12-11 14:10:03'),
('49','49','qui','photo','1979-11-01 03:43:46','2003-06-13 02:45:42'),
('50','50','omnis','photo','2017-05-04 13:43:02','2005-03-24 08:45:22'),
('51','51','magnam','photo','2007-01-29 03:17:34','2004-09-13 10:28:39'),
('52','52','molestiae','photo','1988-05-18 13:02:08','1980-12-16 13:41:07'),
('53','53','ratione','photo','1997-07-04 02:13:39','2014-10-25 11:18:49'),
('54','54','et','photo','1981-04-27 17:10:40','1999-03-18 19:29:29'),
('55','55','rerum','photo','2010-09-15 01:33:22','1999-02-28 01:21:58'),
('56','56','exercitationem','photo','2006-09-23 18:18:07','2006-11-22 06:58:50'),
('57','57','aut','photo','2002-10-02 21:06:40','2002-05-27 03:25:10'),
('58','58','corporis','photo','1977-03-26 00:18:19','2006-04-24 07:23:12'),
('59','59','corporis','photo','2010-02-16 03:08:48','1987-01-19 16:35:42'),
('60','60','aspernatur','photo','2000-10-23 18:24:48','1992-01-23 02:28:47'),
('61','61','quisquam','photo','1976-06-20 10:24:29','1998-12-09 20:44:40'),
('62','62','voluptatum','photo','1981-03-08 09:39:53','1993-09-22 04:37:11'),
('63','63','qui','photo','1989-07-23 19:14:50','1989-07-06 20:17:57'),
('64','64','saepe','photo','2007-04-26 02:17:28','2011-08-24 12:41:44'),
('65','65','ut','photo','1991-09-20 22:34:34','1989-10-11 20:47:46'),
('66','66','dolor','photo','2004-03-11 17:30:05','1970-08-27 20:48:50'),
('67','67','nulla','photo','2015-03-17 11:48:59','1992-05-06 04:19:32'),
('68','68','quia','photo','1985-06-03 11:09:08','1988-08-07 18:16:58'),
('69','69','est','photo','1977-05-03 06:11:36','1997-03-10 13:29:45'),
('70','70','quibusdam','photo','1971-12-10 09:59:02','1980-12-12 20:32:04'),
('71','71','ut','photo','1981-07-25 09:31:06','1993-11-26 02:05:09'),
('72','72','et','video','1975-09-02 23:03:03','1992-08-21 17:27:42'),
('73','73','quo','video','2020-01-12 18:47:24','1997-01-29 05:47:34'),
('74','74','et','video','2004-10-23 04:12:34','2002-01-15 00:02:15'),
('75','75','ut','video','1978-08-05 01:16:46','1994-10-25 18:14:24'),
('76','76','facilis','video','1996-08-08 13:54:52','2013-02-09 11:58:27'),
('77','77','officiis','video','2017-09-08 01:59:29','1988-10-22 04:42:36'),
('78','78','in','video','2010-04-11 23:54:27','2011-06-18 01:35:56'),
('79','79','quibusdam','video','2000-09-23 11:14:07','2007-11-29 18:37:47'),
('80','80','quis','video','2017-02-20 11:35:39','1988-06-18 03:50:11'),
('81','81','animi','video','1992-02-12 07:55:09','2003-03-21 23:24:23'),
('82','82','praesentium','video','2012-12-12 03:02:45','1984-04-07 03:47:19'),
('83','83','qui','video','1992-12-04 04:37:12','2007-04-26 05:17:39'),
('84','84','quibusdam','video','1985-11-16 13:40:07','2009-07-01 05:28:58'),
('85','85','iure','video','1970-08-05 16:24:48','1991-08-15 09:12:24'),
('86','86','quia','video','2002-06-27 21:10:56','2020-05-30 16:43:47'),
('87','87','ipsa','video','1992-05-24 16:16:51','1977-06-29 01:42:00'),
('88','88','illum','video','2010-05-04 09:53:54','1973-01-28 11:33:44'),
('89','89','et','video','1999-12-26 04:10:36','2002-08-10 17:23:08'),
('90','90','eos','video','2014-10-02 16:22:17','1998-07-15 18:29:36'),
('91','91','voluptas','video','2020-03-24 12:01:47','1975-07-02 04:46:39'),
('92','92','commodi','video','1982-11-01 11:54:24','1980-03-15 05:49:44'),
('93','93','accusantium','video','2008-11-19 19:14:47','2009-09-20 09:18:30'),
('94','94','molestias','video','1990-12-27 11:09:52','2003-03-14 12:39:34'),
('95','95','sed','video','1989-08-01 15:54:19','1997-04-17 20:52:06'),
('96','96','rerum','video','1997-08-19 15:06:35','1994-09-18 14:51:45'),
('97','97','sed','video','1992-04-22 09:20:01','1978-07-04 02:57:39'),
('98','98','quos','video','1996-04-06 15:46:54','1979-11-24 09:20:39'),
('99','99','facilis','video','1974-07-30 14:23:52','2018-11-24 10:36:36'),
('100','100','ea','video','2011-06-27 05:29:22','1997-01-06 08:36:31'); 


DROP TABLE IF EXISTS comments;
CREATE TABLE comments(
  comment_id BIGINT UNSIGNED NOT NULL,
  post_id BIGINT UNSIGNED NOT NULL,
  user_id BIGINT UNSIGNED NOT NULL,
  content TEXT NOT NULL,
  created_at DATETIME DEFAULT NOW(),
   PRIMARY KEY (comment_id),
  FOREIGN KEY (post_id) REFERENCES posts(post_id),
  FOREIGN KEY (user_id) REFERENCES users(id)
);

  INSERT INTO comments VALUES ('1','1','1','Molestiae et magnam est eum dolor totam aut. Est nisi dolores voluptas cumque ea aut. Cupiditate omnis fugiat perferendis reprehenderit at.','2001-06-24 19:55:50'),
('2','2','2','Nulla tenetur tempora sint veritatis laudantium qui et aut. Doloremque cumque eum culpa numquam id saepe. Doloremque unde sunt nulla officia culpa autem.','1997-12-15 10:38:44'),
('3','3','3','Ut non earum placeat sint voluptate corporis quasi. Quo sit harum error quo quisquam libero. Atque voluptatibus est rerum quo accusamus voluptatum illo. Sit eos veritatis ab numquam.','1994-02-25 22:52:45'),
('4','4','4','Quos culpa a dolore perferendis. Laudantium impedit distinctio quidem saepe qui cupiditate necessitatibus odio. Illum non vitae saepe delectus similique.','1978-07-04 01:19:14'),
('5','5','5','Placeat quidem aperiam placeat cupiditate. Ea nulla sed pariatur ea facere expedita. Qui ad eum voluptatem autem et.','2017-09-25 08:50:38'),
('6','6','6','Non dolor dolor reiciendis accusamus. Voluptates ut et quasi earum ipsum voluptate enim. Quis temporibus quis ut iure. Quisquam similique culpa quia aliquam. Distinctio occaecati et id autem architecto omnis voluptates.','1981-05-08 05:14:38'),
('7','7','7','Doloremque placeat illo sequi iste voluptates perferendis temporibus aut. Quaerat incidunt molestias hic rerum et incidunt. Eveniet sint quod occaecati quia omnis id at. Aliquid quam qui non molestiae cumque.','2001-02-09 05:57:33'),
('8','8','8','Et vero eum fugiat aut sed. Quia atque neque ab enim consequuntur rerum aspernatur. Alias vel ut iusto. Natus praesentium et sapiente voluptatem ducimus velit. Non laborum ducimus officia corporis nihil.','2010-05-08 05:46:00'),
('9','9','9','Rem ducimus sed rem omnis vitae ducimus. Autem labore atque labore nemo quo. Voluptatibus illum eum odit quia voluptatibus ipsam aperiam. Voluptas soluta asperiores eius.','2003-10-18 20:04:42'),
('10','10','10','Deleniti qui cum veniam officiis quo nam modi. Qui fugit dolore sequi. Nostrum aut nobis iste eos. Voluptatum voluptatem quos rerum occaecati sed necessitatibus doloremque.','2002-01-18 10:49:34'),
('11','11','11','Blanditiis id dignissimos voluptatem omnis. In quia at ullam reprehenderit. Eos et dolor eos consequuntur nam. Sed excepturi aut id recusandae illum dolores.','1996-02-25 05:17:14'),
('12','12','12','Minima cumque libero laborum cum voluptate. Ea quasi alias mollitia. Eligendi sed qui sit aliquid nulla et temporibus voluptatem. Cum est consectetur sed amet maiores atque ea.','1978-01-08 15:23:44'),
('13','13','13','Quasi non cum illum nemo aspernatur et. Sint beatae officiis nihil totam culpa explicabo neque. Itaque at et necessitatibus quam praesentium eos quia.','1974-08-09 22:06:32'),
('14','14','14','Quia voluptatem asperiores aliquam quam quia officiis rerum. Quidem ad et sunt non nulla vel assumenda. Ipsam dolorum quaerat odio quas et autem dolores.','2009-12-08 14:04:08'),
('15','15','15','Sunt rerum quisquam est. Voluptatum sapiente sint eveniet corrupti architecto autem illum. Pariatur non tenetur voluptatem deserunt ut eius dolore dolorem. Expedita nobis est dolor molestiae eligendi.','2016-04-30 08:04:42'),
('16','16','16','Praesentium quis quas ut aut veritatis quisquam at. Sed qui perferendis sit ratione qui excepturi et. Hic rerum dolor aut et veritatis aut explicabo.','1981-05-24 18:00:09'),
('17','17','17','Et ipsum autem et ad amet. Rerum delectus omnis eum adipisci reprehenderit molestiae. Iure est impedit voluptatibus cumque ipsam.','1973-08-16 15:22:02'),
('18','18','18','Perspiciatis labore facilis quis sunt voluptas inventore quo. Consequatur qui reiciendis nemo omnis. Voluptas et quia eveniet autem illo reprehenderit. Incidunt repellendus qui voluptatum dignissimos dolore.','1983-02-10 19:03:17'),
('19','19','19','Ut eum laboriosam eos a. Velit perferendis distinctio fuga non repellat. Rem in similique quibusdam natus recusandae aut cupiditate quo. Deserunt dolore temporibus sed et possimus.','2003-07-07 19:50:33'),
('20','20','20','Mollitia aut quis quia praesentium non aliquam accusamus. Amet ratione veniam repellat et. Aut ut illum et quae porro quia. In voluptas ad et laborum molestias soluta.','2020-04-24 12:33:56'),
('21','21','21','Consectetur et laborum natus adipisci. Ea quam quos alias fuga quis ipsam consequatur. Molestiae illo ut minus ut perferendis necessitatibus voluptatum voluptatem. Deleniti quia dolorem quae tempore dolorum veniam at. Beatae rerum doloribus velit error placeat.','1981-07-02 13:00:26'),
('22','22','22','Sequi quibusdam enim nemo ut ullam ut id quidem. Provident voluptas quidem dolores excepturi ut suscipit nostrum. Est illum aut sed facilis quaerat vel necessitatibus sit.','1987-04-02 00:13:18'),
('23','23','23','Ut et esse ullam excepturi nesciunt excepturi. Non minus excepturi nam beatae facere.','2003-04-28 02:53:37'),
('24','24','24','Laboriosam quia maxime ea rerum. Hic suscipit excepturi nihil. Facere officia officia commodi voluptas minima reiciendis. Officia amet nihil saepe.','2019-04-06 02:56:36'),
('25','25','25','Eos ipsam ut hic et temporibus sit sit voluptatem. Molestiae illum sequi velit dolorem omnis possimus enim laborum. In id eum quas cumque enim rerum.','2016-01-07 15:37:14'),
('26','26','26','Optio dolor illo pariatur cum explicabo ut reiciendis. Eveniet in quam quae soluta dicta reiciendis dolores. Autem autem ex repudiandae blanditiis ut aut omnis. Enim veritatis id aliquam quibusdam hic. Fuga cumque et quas voluptatum cumque animi.','2012-01-08 02:18:34'),
('27','27','27','Veniam fuga qui est esse officiis est. Consectetur ea eveniet voluptatem consequatur nostrum quod enim minus. Eveniet expedita earum quidem repellendus suscipit.','2016-01-04 12:40:35'),
('28','28','28','Consequatur odit tempore reprehenderit exercitationem quis eaque sed. Voluptatum aliquid eaque nostrum eaque quia. Possimus sapiente dolores consectetur. Consequatur facere aliquam voluptatem illum nostrum quaerat laborum minus.','1986-06-12 08:11:24'),
('29','29','29','Est dolorem nihil ut fugit et sit ratione. Autem sed qui quia et est sed deserunt. Facere odit nostrum ducimus ipsam facilis nisi. Libero ea vel exercitationem optio rerum vero beatae.','2014-02-17 23:55:58'),
('30','30','30','Quia incidunt dolore excepturi officiis minima. Aut dolores soluta ut cumque qui voluptatibus enim dolore. Soluta consequatur voluptatem amet.','1997-11-22 15:30:52'),
('31','31','31','Sed eum qui unde sit. Quasi suscipit magni provident quo architecto in aliquam facilis. Nihil est odio eum dolorem atque beatae. Alias dolorum cum voluptatum unde cupiditate.','1979-10-08 17:02:46'),
('32','32','32','Est doloribus numquam qui aliquam adipisci magnam. Tempore voluptas alias voluptates. Reprehenderit sequi debitis non quia dolorem culpa. Cum quibusdam dolor architecto fugiat qui dolor. Ea occaecati similique dolore dignissimos et.','1986-10-19 08:42:08'),
('33','33','33','Unde asperiores accusamus quo dolores. Eius eos nisi doloribus ea. Dolorem non et ut dolor esse cupiditate quisquam.','2007-07-30 11:59:45'),
('34','34','34','Ut quis in aperiam ipsum quisquam adipisci eius. Eius et doloribus sit repudiandae sequi error. Voluptatum minima est aliquam libero aut nulla.','1973-01-29 03:57:07'),
('35','35','35','Aspernatur porro repellendus labore modi et. Eveniet facere adipisci et quasi. Vel pariatur ea et qui et ipsam id. Quos nesciunt qui natus tempore quisquam aut.','2013-05-03 20:44:51'),
('36','36','36','Repellat vel molestias libero maiores. Quibusdam eligendi distinctio id est est eius. Culpa eos delectus perferendis fugiat. Vel at et quaerat blanditiis sint impedit saepe.','2008-05-15 09:56:03'),
('37','37','37','Aspernatur perferendis qui tempore consequatur. Voluptas assumenda eveniet excepturi velit fugit. Quis qui illo velit doloremque assumenda saepe est. Animi labore eum facere ut eaque.','2015-06-10 17:58:29'),
('38','38','38','Aut ut aut fugit ratione. Fugit a in quis.','1988-04-10 01:30:58'),
('39','39','39','Tempora vitae voluptas maiores cupiditate rerum vel. Modi ad qui sed aut. Ab provident aspernatur ipsa. Sit omnis assumenda exercitationem quis eos. Neque qui nemo tenetur ratione.','2002-07-01 16:11:28'),
('40','40','40','Aut molestias optio vitae consequuntur. Culpa quis officia reiciendis fuga provident. In iste autem ex maxime. Quo sed delectus quam quasi.','2013-05-22 06:27:59'),
('41','41','41','Consectetur non expedita animi. Et nesciunt perferendis libero eveniet. Sequi quo incidunt id consequatur voluptatum. Reprehenderit voluptatum voluptate voluptas sed.','1985-06-27 01:17:25'),
('42','42','42','Saepe laborum sed exercitationem tenetur labore ut. Distinctio maxime autem nulla quis sed qui. Vel enim ab iste quo ut inventore ab consequatur.','1977-07-08 22:53:09'),
('43','43','43','Sit rerum eum cum assumenda aut harum quis. Deserunt tempora id molestiae vel eaque. Quibusdam labore consequatur in tenetur. Praesentium rerum assumenda qui illo.','1991-04-06 22:36:58'),
('44','44','44','Eum voluptas architecto beatae omnis. Quibusdam et tempore eos iure enim inventore deserunt impedit. Tenetur optio doloremque fugit est quasi esse.','1984-02-03 07:46:23'),
('45','45','45','Ad molestiae corporis possimus explicabo nobis voluptatum et. Consectetur ipsum aut veniam. Odit nesciunt numquam neque est ex non. Rerum velit enim velit aut. Placeat sit at sit error voluptas eligendi.','1981-07-25 05:04:37'),
('46','46','46','Praesentium qui quasi voluptas laboriosam. Dolor omnis suscipit deleniti suscipit sapiente ut. Ut officiis est quia deserunt exercitationem. Sit culpa dolorem eos temporibus et at. Sapiente ullam officia adipisci illum consectetur aut molestiae.','2012-12-21 10:25:41'),
('47','47','47','Ut esse iusto quia quis sed eaque. Maxime earum et est ut tempore.','1992-03-11 22:24:00'),
('48','48','48','Illo voluptates corporis quas magni quo. Sed et reiciendis soluta voluptatem ut maxime. Velit occaecati et eos aut.','2016-04-10 01:58:33'),
('49','49','49','Deserunt velit ut qui sit. Nam impedit est sit et et. Maxime nisi qui eos autem. Sint est et dignissimos aut est amet fuga ipsam.','2017-05-27 13:01:32'),
('50','50','50','Optio beatae accusantium ea enim accusantium. Aliquid distinctio qui voluptate quo consequatur totam eos. Asperiores vero eum fugit non illum asperiores voluptatum.','2007-10-29 11:13:51'),
('51','51','51','Provident earum consequuntur neque hic voluptatibus dolor. Eaque ea quas nihil et. Modi mollitia dignissimos magnam dolor dolorem.','2002-10-22 19:12:52'),
('52','52','52','Architecto ex iste vel autem iure est magnam. Est in sapiente placeat. Et provident ut occaecati voluptates. Pariatur vel sed fugiat quo molestiae voluptas.','2007-11-16 07:28:54'),
('53','53','53','Sit perspiciatis sequi voluptatem praesentium eaque dolores. Quasi ad nobis voluptatem quo quis inventore. Reiciendis quibusdam a eveniet dignissimos illum quo sunt aspernatur. Necessitatibus non et consequatur magni fugiat.','1981-03-10 03:07:44'),
('54','54','54','Tempora sunt quibusdam id modi minus. Ut reprehenderit repudiandae vero quam dolore. Consequatur aspernatur aliquam delectus. Provident quia consequuntur quod et ex. Iusto itaque non nemo libero assumenda culpa quibusdam.','2019-11-01 01:34:34'),
('55','55','55','Nesciunt earum beatae error voluptatibus temporibus. Ut ut provident laudantium dolor totam voluptates. Cumque pariatur aut hic.','1987-05-04 22:47:21'),
('56','56','56','Architecto consequatur velit cum cumque ut nisi. Ea odit placeat aut porro nemo beatae voluptas. Aperiam id excepturi ducimus dicta et et. Sequi dolores itaque molestias omnis.','2014-07-09 16:41:14'),
('57','57','57','Qui assumenda velit aspernatur sint fugiat. Veritatis eum quo soluta quibusdam est. Laboriosam nobis repellendus voluptatem minus molestiae voluptates.','1975-03-07 13:23:45'),
('58','58','58','Molestiae officiis voluptas explicabo iure dignissimos. Et totam quasi hic. Et perferendis laborum doloribus impedit explicabo voluptatum inventore consectetur. Autem voluptatem expedita nisi.','2004-01-17 20:29:36'),
('59','59','59','Et accusantium assumenda minima est harum. Id hic et aliquid distinctio libero.','1976-06-11 17:54:18'),
('60','60','60','Ut nihil illum aut reprehenderit id. Asperiores eos voluptatem maxime cum eaque. Deserunt consectetur minima optio aut deserunt reiciendis.','1984-11-16 21:21:30'),
('61','61','61','Quibusdam consequatur quibusdam dolor quia qui sit ullam. Eum a eveniet qui illo est mollitia quo. Magnam distinctio et ducimus distinctio. Quisquam quaerat recusandae aut blanditiis in aperiam dolores.','1980-07-13 03:13:36'),
('62','62','62','Rerum magnam voluptatem maiores exercitationem totam qui. Architecto voluptatum saepe corrupti enim. Ut quisquam cupiditate in.','1973-01-16 14:19:18'),
('63','63','63','Nihil quis corporis rerum qui doloremque sint ut. Qui sint debitis totam voluptatem iure reiciendis. Inventore dicta quam aut possimus possimus. Est amet et voluptatum autem. Ratione a enim quia voluptatem.','2013-11-10 01:18:43'),
('64','64','64','Corporis amet et officia dolorem amet consectetur porro. Illo alias sit blanditiis accusantium aut et. Est nostrum officiis provident animi dolorem eveniet. Velit blanditiis eius architecto nihil quaerat aliquid ut.','2008-07-25 16:33:44'),
('65','65','65','Nesciunt magni quasi quidem. Et et officia tempora non. Consequatur magnam animi in sit id dolore.','1975-11-07 09:14:23'),
('66','66','66','Eius quas perferendis et illo eos porro necessitatibus. Unde fugit veniam voluptas deleniti sed. Voluptatum nulla rerum voluptatibus dolorum id. Facilis quod ipsam ut nihil ut cum praesentium.','1980-08-17 12:59:40'),
('67','67','67','Ratione ducimus commodi aut. Voluptas iste magni aliquam eum. Enim rerum commodi quis.','2006-07-26 12:45:51'),
('68','68','68','Molestias magni eum ullam consequatur. Et ipsam ea eos maiores quidem. Eum quasi et quo dolorum ut explicabo. Error fugiat laboriosam occaecati ut enim mollitia. Possimus soluta harum consectetur dolorem eveniet maxime.','1971-07-16 14:52:58'),
('69','69','69','Veniam velit rerum iste animi dolor. Et sed qui est aut consequatur.','2013-09-15 11:25:15'),
('70','70','70','Est culpa quis sunt repellendus nisi officiis. Commodi blanditiis exercitationem ad nihil consectetur. Rerum unde blanditiis laboriosam harum provident dolore.','1986-06-30 02:42:58'),
('71','71','71','Tenetur assumenda voluptatum perspiciatis delectus est. Et eligendi est mollitia aut veniam minima. Cum ut eius nobis voluptatem est sint tenetur omnis. Quia quia quia iste neque eveniet illo.','2017-01-15 12:50:16'),
('72','72','72','Repudiandae quidem incidunt non veniam. Aut iusto sapiente facere quia odit ab hic. Et reiciendis similique dolorem. Cupiditate dolor autem rerum rerum. Minus veniam id delectus quod.','1980-10-11 09:03:26'),
('73','73','73','Eaque velit dolores cupiditate. Eaque aut occaecati officia consequatur ut est accusamus. Accusamus in ducimus sed totam.','1996-05-27 17:23:03'),
('74','74','74','Nam at iste neque eveniet odit. Incidunt aperiam ea voluptates temporibus beatae dignissimos.','1997-01-25 21:25:38'),
('75','75','75','Ut ipsum facilis consectetur. Ex dolore sint et quia maxime. Dolores dolorem nihil est sequi totam quidem facere.','1980-05-10 15:30:43'),
('76','76','76','Ad tempora labore voluptas laborum officia occaecati et. Officiis pariatur et aut velit et. Sed et odio est. Quasi eaque qui a.','2017-11-17 03:23:03'),
('77','77','77','Rerum quibusdam aut soluta. Cumque sint necessitatibus earum modi illum ratione praesentium. Sed qui id nihil dicta ab amet. Saepe ad exercitationem porro in sapiente et.','1973-11-05 20:47:17'),
('78','78','78','Amet et voluptatem consequatur hic. Voluptatum et sapiente nam error ex laudantium. Illo quod et amet quia consequuntur est qui unde.','1976-09-04 11:02:00'),
('79','79','79','Ea in consequuntur et nihil. Ut velit amet aperiam. Temporibus natus impedit iusto voluptatem voluptates harum.','1972-08-03 14:57:51'),
('80','80','80','Doloribus quisquam delectus qui sed harum et. Velit inventore omnis autem vero ut esse at.','2020-07-13 09:36:14'),
('81','81','81','Eligendi quia est harum voluptatum reprehenderit et. Aliquid et quisquam eum aspernatur dolor modi delectus. Adipisci in aliquam et ex eius perspiciatis tempore iusto. Temporibus autem excepturi saepe in architecto rem.','2013-12-10 04:59:54'),
('82','82','82','Numquam sunt reprehenderit sunt adipisci eaque. Perferendis tenetur at optio quos voluptate voluptates qui. Consequatur ipsa id provident autem est architecto. Aut voluptas vel ut maiores et itaque.','1974-09-27 13:15:54'),
('83','83','83','Amet sit architecto consequuntur iusto. Officiis voluptatem sequi ipsum. Consequatur sequi hic eius porro quis natus dolor. Quibusdam doloremque sit saepe quia aut dolorem quisquam.','2017-08-31 22:16:31'),
('84','84','84','Beatae nihil et et assumenda placeat velit. Pariatur qui consequatur at rerum et expedita. Consequatur dolor modi minus. Mollitia dolores cum exercitationem natus ut sunt reiciendis.','1986-02-12 21:43:10'),
('85','85','85','Officiis quo eaque praesentium sed impedit. Rerum fugit accusantium et iure. Maxime ea illum totam eius aut possimus. Fugit sed similique incidunt incidunt et harum in.','2015-11-10 18:49:28'),
('86','86','86','Et praesentium sed sed vero numquam debitis rem. Tempore maiores repudiandae et hic quia delectus. Sit adipisci voluptatibus quidem quia. Eos sint saepe consectetur ut aut.','2006-01-13 02:13:48'),
('87','87','87','Culpa autem vero id minus qui. Ut maiores asperiores voluptate aperiam. Provident cum alias ducimus quos sit doloribus tempore doloremque. Nihil voluptatem placeat ut et.','2010-04-06 18:23:43'),
('88','88','88','Aut quis et iure praesentium rerum est voluptas. Repellendus molestiae laudantium dignissimos inventore a et. Molestias consequatur ut sed magnam. Temporibus debitis dolorem error voluptatem. Expedita dolor et eligendi eligendi illo facilis qui.','1999-11-15 00:39:01'),
('89','89','89','Odit ex dolor ab culpa voluptas iure atque. Modi qui aspernatur inventore tempore voluptatem dolorem minima. Rerum vitae dolorum non quia nulla qui veniam. Debitis maiores ea recusandae earum sed sunt.','1980-01-05 16:45:46'),
('90','90','90','Quo eius similique aut voluptas. Et neque consequatur repellat. Deleniti rerum esse quam rerum nihil accusantium et.','1998-12-12 08:44:11'),
('91','91','91','Velit ut assumenda atque dolore nemo repellat. Excepturi autem error esse enim aut.','1992-05-19 22:20:18'),
('92','92','92','Provident illum sed expedita sunt aut ut commodi. Ut tempore quo omnis tempore. Voluptates nesciunt et consequatur. Dolores velit veritatis beatae rem fugit magnam possimus quae.','2003-08-02 11:10:10'),
('93','93','93','Sequi praesentium aliquam consequatur commodi. Est et voluptatem sequi quae. Similique id quibusdam aut iusto. Ut numquam eveniet nesciunt.','2005-10-15 10:47:05'),
('94','94','94','Rerum omnis voluptatem est enim omnis ducimus. Rem consectetur delectus similique ipsum provident molestiae quisquam. Ut vel sit aliquam ut sint. Dignissimos et qui at hic dolores ad quidem.','1982-10-31 03:10:31'),
('95','95','95','Ea hic aut incidunt fuga. Delectus suscipit ullam culpa aperiam vel sed dolorem. Sed neque est excepturi aut. Eius exercitationem autem veritatis beatae ut alias explicabo. Odio ea libero iusto id.','1980-12-27 14:56:31'),
('96','96','96','Eaque veritatis voluptas inventore exercitationem ut consequatur corrupti. Distinctio modi sequi cum et id molestias consectetur nam. Esse porro sit perferendis voluptate. Sunt reiciendis facilis dolore praesentium omnis aut doloribus dignissimos.','1992-02-13 12:50:51'),
('97','97','97','Nostrum magni ratione atque ut libero nisi repudiandae. Esse aut cupiditate numquam neque. Et nobis vero officia rem quis.','2013-09-20 08:51:41'),
('98','98','98','Dolore nisi quia harum sed. Officia reprehenderit autem sunt dicta. Laborum sint eveniet adipisci rem laborum.','2007-06-20 00:45:08'),
('99','99','99','Quia ipsa autem dolores voluptatibus impedit. Ut dolores minus quo aut dolor quae. Vitae sint suscipit ea earum quo magni.','1982-06-28 15:07:55'),
('100','100','100','Qui excepturi assumenda et deserunt consectetur ipsum dolores. Eveniet maiores et autem aperiam. Eos qui exercitationem et dolores necessitatibus itaque sit dolor. Vel nisi veritatis deserunt magni.','1989-02-16 01:01:29'); 

/*!40101 SET SQL_MODE=@OLD_SQL_MODE */;
/*!40014 SET FOREIGN_KEY_CHECKS=@OLD_FOREIGN_KEY_CHECKS */;
/*!40014 SET UNIQUE_CHECKS=@OLD_UNIQUE_CHECKS */;
/*!40101 SET CHARACTER_SET_CLIENT=@OLD_CHARACTER_SET_CLIENT */;
/*!40101 SET CHARACTER_SET_RESULTS=@OLD_CHARACTER_SET_RESULTS */;
/*!40101 SET COLLATION_CONNECTION=@OLD_COLLATION_CONNECTION */;
/*!40111 SET SQL_NOTES=@OLD_SQL_NOTES */;

-- –‡Ò˜ÂÚ ÍÓÎ-‚‡ ÔÓÒÚÓ‚ Û ÔÓÎ¸ÁÓ‚‡ÚÂÎÂÈ
SELECT count(*) AS cnt, u.id
FROM users u
JOIN posts p ON u.id = p.user_id 
GROUP BY u.id 
ORDER BY cnt DESC

--  ŒÀ»◊≈—“¬Œ À¿… Œ¬,  Œ“Œ–€≈ œŒ—“¿¬»À» —Œ¬≈–ÿ≈ÕÕŒÀ≈“Õ»≈ œŒÀ‹«Œ¬¿“≈À» 
CREATE VIEW view_likes
AS
SELECT COUNT(*) AS summ
FROM likes l 
JOIN media m ON l.media_id = m.id 
JOIN profiles p ON p.user_id = m.user_id
WHERE YEAR(CURDATE()) - YEAR(birthday) > 18;

--  ÚÓ Ò‰ÂÎ‡Î ·ÓÎ¸¯Â ÔÓÒÚÓ‚ ÏÛÊ˜ËÌ˚ ËÎË ÊÂÌ˘ËÌ˚
select gender, count(*)
FROM (
SELECT user_id AS users,
  (SELECT gender FROM instagram.profiles
  WHERE user_id = users )
  as gender from posts)
  as d
GROUP BY gender;

--  ŒÀ»◊≈—“¬Œ œŒƒœ»—Œ  ”  ¿∆ƒŒ√Œ œŒÀ‹«Œ¬¿“≈Àﬂ
CREATE VIEW view_followings
AS
SELECT COUNT(*) AS cnt,
u.id
FROM users u
JOIN followings f ON U.id = f.user_id 
GROUP BY u.id 
ORDER BY cnt DESC

-- —ÓÁ‰‡ÌËÂ ı‡ÌËÏÓÈ ÔÓˆÂ‰Û˚, ÍÓÚÓ‡ˇ ·Û‰ÂÚ Ì‡ıÓ‰ËÚ¸ ÔÓÎ¸ÁÓ‚‡ÚÂÎÂÈ, ÊË‚Û˘Ëı ‚ ÃÓÒÍ‚Â
DROP PROCEDURE IF EXISTS live_in_moscow
DELIMITER //

CREATE PROCEDURE live_in_moscow (city VARCHAR(55))
BEGIN 
	SELECT user_id, hometown
	FROM profiles p
	WHERE p.hometown = city;

END //
DELIMITER ;

CALL live_in_moscow('ÃŒ— ¬¿');





